-- MySQL dump 10.13  Distrib 5.1.41, for debian-linux-gnu (i486)
--
-- Host: localhost    Database: contact_info
-- ------------------------------------------------------
-- Server version	5.1.41-3ubuntu12.1

/*!40101 SET @OLD_CHARACTER_SET_CLIENT=@@CHARACTER_SET_CLIENT */;
/*!40101 SET @OLD_CHARACTER_SET_RESULTS=@@CHARACTER_SET_RESULTS */;
/*!40101 SET @OLD_COLLATION_CONNECTION=@@COLLATION_CONNECTION */;
/*!40101 SET NAMES utf8 */;
/*!40103 SET @OLD_TIME_ZONE=@@TIME_ZONE */;
/*!40103 SET TIME_ZONE='+00:00' */;
/*!40014 SET @OLD_UNIQUE_CHECKS=@@UNIQUE_CHECKS, UNIQUE_CHECKS=0 */;
/*!40014 SET @OLD_FOREIGN_KEY_CHECKS=@@FOREIGN_KEY_CHECKS, FOREIGN_KEY_CHECKS=0 */;
/*!40101 SET @OLD_SQL_MODE=@@SQL_MODE, SQL_MODE='NO_AUTO_VALUE_ON_ZERO' */;
/*!40111 SET @OLD_SQL_NOTES=@@SQL_NOTES, SQL_NOTES=0 */;

--
-- Table structure for table `address_address`
--

DROP TABLE IF EXISTS `address_address`;
/*!40101 SET @saved_cs_client     = @@character_set_client */;
/*!40101 SET character_set_client = utf8 */;
CREATE TABLE `address_address` (
  `id` int(11) NOT NULL AUTO_INCREMENT,
  `contact_info_id` int(11) NOT NULL,
  `address` longtext NOT NULL,
  `city` varchar(250) NOT NULL,
  `state_id` int(11) DEFAULT NULL,
  `country_id` varchar(2) DEFAULT NULL,
  PRIMARY KEY (`id`),
  KEY `address_address_5801f9f9` (`contact_info_id`),
  KEY `address_address_469f723e` (`state_id`),
  KEY `address_address_534dd89` (`country_id`)
) ENGINE=MyISAM AUTO_INCREMENT=45 DEFAULT CHARSET=latin1;
/*!40101 SET character_set_client = @saved_cs_client */;

--
-- Dumping data for table `address_address`
--

LOCK TABLES `address_address` WRITE;
/*!40000 ALTER TABLE `address_address` DISABLE KEYS */;
INSERT INTO `address_address` VALUES (1,2,'12, Scindia House, Connaught Circus, New Delhi-11001','New Delhi',18,'IN'),(2,1,'16D, Lakshmi Bhavan, 609 Mount Road, Chennai','Chennai',18,'IN'),(3,20,'Cyber City\r\nTower c DLF Building No.8\r\nSector 25, DLF City Phase II\r\nGurgaon 122 002\r\nHaryanan','',18,'IN'),(4,746,'# 31, \"HR HOUSE\" | I Floor, Shanthi Nagar | Shanthi Road | Bangalore |www.hrindia.co.in','Bangalore',18,'IN'),(5,747,'98A, Auras Corporate Centre, 3rd Floor,Dr.Radhakrishnan Salai, Chennai-4','',18,'IN'),(6,748,'15/8, H.D.Rajah Street, Off Eldams Road, Teynampet, Chennai','',18,'IN'),(7,749,'GFC Alamar Court, No. 271, Lloyds Road, Royapettah, Chennai 600014','',18,'IN'),(8,420,'New No.29,Third Trust Cross St.,Mandavelippakkam,Chennai-600028.INDIA','',18,'IN'),(9,44,'6/5, Sakthi Ganapathy Nagar\r\n4th Street, Thiruvottiyur \r\n\r\n\r\n','',18,'IN'),(10,753,'Kumaran Systems Pvt. Ltd.\r\nTIDEL Park, 5th Floor, A Block, North Wing \r\nNo.4, Canal Bank Road\r\nChennai, India - 600 113\r\n\r\nKumaran Systems Inc.\r\nNo. 2275, Research Boulevard\r\nSuite 500, Rockville\r\nMaryland - 20850\r\n\r\nPh: (301)  984 4445\r\nFax: (301)  984 4446\r\n\r\nKumaran Systems Inc.\r\n701 Evans Avenue, Suite 509, \r\nToronto, Ontario, Canada M9C 1A3\r\nToll Free 1-800-kumaran\r\n\r\nPh: (416)  626 1332\r\nFax: (416)  626 1756\r\n','chennai',18,'IN'),(11,754,'MARG Pancham, Block B, No.334, Futura Tech Park,\r\nRajiv Gandhi Salai (OMR),\r\nSholinganallur, Chennai-600 119','chennai',18,'IN'),(12,233,'Mrs. Kalyani Narayanan\r\nICM Solutions, New No: 6, Kalakshetra Avenue, \r\nII Street,Thiruvanmiyur, Chennai-600041\r\nPhone : +91 44 2452 6571 Mobile : +91 98415 44068 \r\n','',NULL,NULL),(13,458,'Ramesh Srinivasan\r\nNo: 194, Vakil Garden City, Kanakapura Main Road, \r\nThalaghattapura, Bangalore- 560 062                         \r\nPh No: 080 26968194\r\n','',NULL,NULL),(14,648,'Mrs. Usha Srinivasan\r\nNo.11, 14th Cross, Shastri Nagar, Adyar, Chennai 20.\r\nCell No: 98410 14514\r\n','',NULL,NULL),(15,157,'Mrs. V. P. Rajini Reddy\r\nExemplarr Worldwide Ltd.,\r\nNo. 141, Rajiv Gandhi Salai, (OMR) Kottivakkam,\r\nChennai 600 041. Phone: 91-44-24544401 / 02/ 03\r\n','',NULL,NULL),(16,508,'Mrs. Viji Rao\r\nScope eKnowledge Center\r\nII Floor, Temple Towers, Nandanam, 672 Anna Salai, Chennai - 600 035. Tel: 91 44 24314201-03\r\n','',NULL,NULL),(17,755,'Mr. Chandrasekharan\r\nINFY Career Private Ltd.,28/160, Eldams Road, Alwarpet, Chennai - 600 018. Cell No 9841271152\r\n','',NULL,NULL),(18,580,'D 303, Niharika, Kanakia Spaces, Gladys Alwares Road, Off Pokhran Road 2,\r\n\r\nThane West, Mumbai, Maharashtra - 400610','',NULL,NULL),(19,710,'Rajalakshmi \r\nSoftware Technology Parks of India\r\nNo.76 & 77, 6th Floor, Cyber Park, Electronics City,\r\nHosur Road, Bangalore - 560 100 \r\nPh No: 080-66186000 to 007\r\n\r\n','',NULL,NULL),(20,756,'Mrs. and Mr. S. Tendulkar            \r\nLa-Mer”, 10th Floor, Mistry Park, Bandra Reclamation, Mumbai 400 050\r\n\r\n','',NULL,NULL),(21,757,'S. Balasubramaniam\r\n#6, 4th Floor, Sapthagiri Apartments,\r\n83, TTK Road, Alwarpet, Chennai - 600 018                       \r\nPh No.24671030\r\n','',NULL,NULL),(22,758,'Thiru. P.W.C. Davidar IAS\r\nChairman\r\nElectronics Corporation of Tamil Nadu Limited,\r\n692, M.H.U. Complex, II Floor, Anna Salai,\r\nNandanam, Chennai-600 035.\r\nTelephone No: +91-44-65512330\r\n','',NULL,NULL),(23,759,'\r\nS. Ramakrishnan\r\nSportsMechanics India Pvt Ltd \r\nNew No 16; Old No. 27, Arundale Beach Road, \r\nKalakshetra Colony, Besant Nagar,Chennai - 600 090\r\nT : +91-44-2446 3342  / M : +91-98400 39170  \r\n\r\n','',NULL,NULL),(24,760,'Tomosaburo Okabe    \r\nNissan Motor Company Ltd          \r\nEngineering Director                     \r\n1-1, Morinosatoaoyama, Atsugi-shi, \r\nKanagawa 243-0123, Japan        \r\nPh: +81 50 2029 1172\r\n','',NULL,NULL),(25,40,'\r\nMr.V. Subramaniam, \r\nTychon Solution (P) Ltd\r\nPlot No.2-28, b-29, 7th Cross Road, Sipcot Info Tech park, Pudhupakkam Post, Kancheepuram District, Tamil Nadu-603 103\r\nCell No: 9841049191\r\n','',NULL,NULL),(26,97,'Mrs. Sarada Ramani\r\nCI.Com (P) Ltd\r\nNO.152, Annai Velankanni Church Road,\r\nVannanthurai, Besant Nagar, Chennai - 90\r\n','',NULL,NULL),(27,157,'Mrs. V. P. Rajini Reddy\r\nExemplarr Worldwide Ltd.,\r\nNo. 141, Rajiv Gandhi Salai, (OMR) Kottivakkam,\r\nChennai 600 041. Phone: 91-44-24544401 / 02/ 03\r\n\r\n','',NULL,NULL),(28,422,'P.A. Padmanabhan   \r\n23, Shaligram 2, Off 100 feet Road, Prahladnagar, Ahmedabad-380 015. Ph No: 079695129998/ 9925011373\r\n','',NULL,NULL),(29,19,'\r\nMr. P.S. Ananthanarayanan\r\n3, Visweswarapuram, Alwarpet,\r\nChennai-600 018\r\n','',NULL,NULL),(30,509,'Mrs. Sudha Gopal\r\nSystech Solutions\r\n9, Sriram Nagar North Street, Austin Nagar, Alwarpet ,Chennai 600018. Tel:24313751 /24313754 \r\n','',NULL,NULL),(31,648,'\r\nMrs. Usha Srinivasan\r\nNo.11, 14th Cross, Shastri Nagar, Adyar, Chennai 20.\r\nCell No: 98410 14514\r\n\r\n','',NULL,NULL),(32,754,'Mr. G.V. K. Reddy, Marg\r\nMARG Pancham, Block B, No.334, Futura Tech Park, Rajiv Gandhi Salai (OMR), Sholinganallur, Chennai-600 119. Ph No: 45623000\r\n\r\n','',NULL,NULL),(33,761,'\r\nDr. K. A. Padmanabhan\r\nBlock 8, Flat 104, IJM Raintree Park\r\nKukatpally, Hyderabad-500 072\r\nPh No : 8008777664 \r\n','',NULL,NULL),(34,762,'Mr. P.V.Jaishankar\r\n3c, windchime apts, 75, beach road, kalakshetra colony, besant nagar, chennai - 600090\r\nPH: 99401 82259\r\n','',NULL,NULL),(35,763,'Dr. V. Raghunathan                     \r\n25, Whisper Colony, Jubilee Hills, Hyderabad \r\n','',NULL,NULL),(36,765,'K. KARTHIKEYAN\r\n\r\nADMIN MANAGER\r\n\r\n96000 82092\r\n\r\n\r\nUNIMECH SYSTEMS (CHENNAI) PVT LTD.,\r\n\r\n#2, Barnaby Road,\r\n\r\nKilpauk, \r\n\r\nChennai - 600 010.\r\n\r\nPhone: 044 26610679\r\n\r\nFax    : 044 26610669\r\n\r\nURL    : www.unimechsystem.com\r\n\r\n \r\n','',NULL,NULL),(37,636,'A to Z IPR Services \r\nRaghavendra Poojary – Branch Head\r\n28/53, MOSQUE ST, AMINJIKARAI,\r\nChennai-600029\r\nPh No: 044 26640764 / Cell No: 98403 26453\r\nEmail: atozchennaioffice@gmail.com \r\n\r\n','',NULL,NULL),(38,636,'A to Z IPR Services \r\nRaghavendra Poojary – Branch Head\r\n28/53, MOSQUE ST, AMINJIKARAI,\r\nChennai-600029\r\nPh No: 044 26640764 / Cell No: 98403 26453\r\nEmail: atozchennaioffice@gmail.com \r\n\r\n','',NULL,NULL),(39,422,'A23, Shaligram 2,\r\nOff 100 feet Road, Prahlad Nagar,\r\nSatellite, Ahmedabad-380 015\r\nPh No: 9974051300 / 079695129998\r\n','',NULL,NULL),(40,580,'D 303, Niharika, Kanakia Spaces, Off Pokhraa Road 2,\r\nThane west, Mumbai-400 610\r\n','Mumbai',18,'IN'),(41,773,'Kinnair and Company\r\nAston House\r\nRedburn Road\r\nNewcastle upon Tyne\r\nNE5 1NB\r\nUnited Kingdom\r\n\r\nTelephone: ++44 (0)191 286 7777\r\n\r\nFax: ++44 (0)191 286 8888\r\n\r\nEmail: mai-mak@kinnair.co.uk\r\n\r\nWebsite: www.kinnair.co.uk                   www.accountsbynet.com ','',NULL,'GB'),(42,774,'IIT Madras Research Park,\r\nKanagam Road, Taramani,\r\nChennai - 600 113.\r\nPhone Number: +91-44-6646 9800\r\n','',18,'IN'),(43,789,'4th Floor, IBM Towers \r\n281 T T K Road, Chennai 600018','Chennai',18,'IN'),(44,177,'FIFTH ESTATE\r\n\r\nNo.34, Ist Main Road, VGP Selva Nagar,\r\n\r\nVelachery,Chennai-600 042\r\n\r\nPh:044 42337153\r\n\r\nEmail:fifthestate.chennai@gmail.com\r\n\r\n ','',18,'IN');
/*!40000 ALTER TABLE `address_address` ENABLE KEYS */;
UNLOCK TABLES;

--
-- Table structure for table `admin_tools_dashboard_preferences`
--

DROP TABLE IF EXISTS `admin_tools_dashboard_preferences`;
/*!40101 SET @saved_cs_client     = @@character_set_client */;
/*!40101 SET character_set_client = utf8 */;
CREATE TABLE `admin_tools_dashboard_preferences` (
  `id` int(11) NOT NULL AUTO_INCREMENT,
  `user_id` int(11) NOT NULL,
  `data` longtext NOT NULL,
  PRIMARY KEY (`id`),
  KEY `admin_tools_dashboard_preferences_403f60f` (`user_id`)
) ENGINE=MyISAM AUTO_INCREMENT=4 DEFAULT CHARSET=latin1;
/*!40101 SET character_set_client = @saved_cs_client */;

--
-- Dumping data for table `admin_tools_dashboard_preferences`
--

LOCK TABLES `admin_tools_dashboard_preferences` WRITE;
/*!40000 ALTER TABLE `admin_tools_dashboard_preferences` DISABLE KEYS */;
INSERT INTO `admin_tools_dashboard_preferences` VALUES (1,1,'{\"positions\":[\"module_2\",\"module_3\",\"module_4\",\"module_5\",\"module_6\"],\"columns\":[2,4],\"disabled\":{\"module_4\":true,\"module_6\":true,\"module_5\":true,\"module_3\":true,\"module_2\":false},\"collapsed\":{\"module_2\":false,\"module_3\":false,\"module_1\":false}}'),(2,5,'{\"positions\":{},\"columns\":{},\"disabled\":{\"module_6\":true,\"module_5\":true},\"collapsed\":{\"module_4\":false}}'),(3,4,'{\"positions\":{},\"columns\":{},\"disabled\":{\"module_6\":true,\"module_5\":true,\"module_4\":true},\"collapsed\":{\"module_2\":false}}');
/*!40000 ALTER TABLE `admin_tools_dashboard_preferences` ENABLE KEYS */;
UNLOCK TABLES;

--
-- Table structure for table `admin_tools_menu_bookmark`
--

DROP TABLE IF EXISTS `admin_tools_menu_bookmark`;
/*!40101 SET @saved_cs_client     = @@character_set_client */;
/*!40101 SET character_set_client = utf8 */;
CREATE TABLE `admin_tools_menu_bookmark` (
  `id` int(11) NOT NULL AUTO_INCREMENT,
  `user_id` int(11) NOT NULL,
  `url` varchar(255) NOT NULL,
  `title` varchar(255) NOT NULL,
  PRIMARY KEY (`id`),
  KEY `admin_tools_menu_bookmark_403f60f` (`user_id`)
) ENGINE=MyISAM DEFAULT CHARSET=latin1;
/*!40101 SET character_set_client = @saved_cs_client */;

--
-- Dumping data for table `admin_tools_menu_bookmark`
--

LOCK TABLES `admin_tools_menu_bookmark` WRITE;
/*!40000 ALTER TABLE `admin_tools_menu_bookmark` DISABLE KEYS */;
/*!40000 ALTER TABLE `admin_tools_menu_bookmark` ENABLE KEYS */;
UNLOCK TABLES;

--
-- Table structure for table `auth_group`
--

DROP TABLE IF EXISTS `auth_group`;
/*!40101 SET @saved_cs_client     = @@character_set_client */;
/*!40101 SET character_set_client = utf8 */;
CREATE TABLE `auth_group` (
  `id` int(11) NOT NULL AUTO_INCREMENT,
  `name` varchar(80) NOT NULL,
  PRIMARY KEY (`id`),
  UNIQUE KEY `name` (`name`)
) ENGINE=MyISAM DEFAULT CHARSET=latin1;
/*!40101 SET character_set_client = @saved_cs_client */;

--
-- Dumping data for table `auth_group`
--

LOCK TABLES `auth_group` WRITE;
/*!40000 ALTER TABLE `auth_group` DISABLE KEYS */;
/*!40000 ALTER TABLE `auth_group` ENABLE KEYS */;
UNLOCK TABLES;

--
-- Table structure for table `auth_group_permissions`
--

DROP TABLE IF EXISTS `auth_group_permissions`;
/*!40101 SET @saved_cs_client     = @@character_set_client */;
/*!40101 SET character_set_client = utf8 */;
CREATE TABLE `auth_group_permissions` (
  `id` int(11) NOT NULL AUTO_INCREMENT,
  `group_id` int(11) NOT NULL,
  `permission_id` int(11) NOT NULL,
  PRIMARY KEY (`id`),
  UNIQUE KEY `group_id` (`group_id`,`permission_id`),
  KEY `auth_group_permissions_425ae3c4` (`group_id`),
  KEY `auth_group_permissions_1e014c8f` (`permission_id`)
) ENGINE=MyISAM DEFAULT CHARSET=latin1;
/*!40101 SET character_set_client = @saved_cs_client */;

--
-- Dumping data for table `auth_group_permissions`
--

LOCK TABLES `auth_group_permissions` WRITE;
/*!40000 ALTER TABLE `auth_group_permissions` DISABLE KEYS */;
/*!40000 ALTER TABLE `auth_group_permissions` ENABLE KEYS */;
UNLOCK TABLES;

--
-- Table structure for table `auth_message`
--

DROP TABLE IF EXISTS `auth_message`;
/*!40101 SET @saved_cs_client     = @@character_set_client */;
/*!40101 SET character_set_client = utf8 */;
CREATE TABLE `auth_message` (
  `id` int(11) NOT NULL AUTO_INCREMENT,
  `user_id` int(11) NOT NULL,
  `message` longtext NOT NULL,
  PRIMARY KEY (`id`),
  KEY `auth_message_403f60f` (`user_id`)
) ENGINE=MyISAM DEFAULT CHARSET=latin1;
/*!40101 SET character_set_client = @saved_cs_client */;

--
-- Dumping data for table `auth_message`
--

LOCK TABLES `auth_message` WRITE;
/*!40000 ALTER TABLE `auth_message` DISABLE KEYS */;
/*!40000 ALTER TABLE `auth_message` ENABLE KEYS */;
UNLOCK TABLES;

--
-- Table structure for table `auth_permission`
--

DROP TABLE IF EXISTS `auth_permission`;
/*!40101 SET @saved_cs_client     = @@character_set_client */;
/*!40101 SET character_set_client = utf8 */;
CREATE TABLE `auth_permission` (
  `id` int(11) NOT NULL AUTO_INCREMENT,
  `name` varchar(50) NOT NULL,
  `content_type_id` int(11) NOT NULL,
  `codename` varchar(100) NOT NULL,
  PRIMARY KEY (`id`),
  UNIQUE KEY `content_type_id` (`content_type_id`,`codename`),
  KEY `auth_permission_1bb8f392` (`content_type_id`)
) ENGINE=MyISAM AUTO_INCREMENT=49 DEFAULT CHARSET=latin1;
/*!40101 SET character_set_client = @saved_cs_client */;

--
-- Dumping data for table `auth_permission`
--

LOCK TABLES `auth_permission` WRITE;
/*!40000 ALTER TABLE `auth_permission` DISABLE KEYS */;
INSERT INTO `auth_permission` VALUES (1,'Can add bookmark',1,'add_bookmark'),(2,'Can change bookmark',1,'change_bookmark'),(3,'Can delete bookmark',1,'delete_bookmark'),(4,'Can add dashboard preferences',2,'add_dashboardpreferences'),(5,'Can change dashboard preferences',2,'change_dashboardpreferences'),(6,'Can delete dashboard preferences',2,'delete_dashboardpreferences'),(7,'Can add permission',3,'add_permission'),(8,'Can change permission',3,'change_permission'),(9,'Can delete permission',3,'delete_permission'),(10,'Can add group',4,'add_group'),(11,'Can change group',4,'change_group'),(12,'Can delete group',4,'delete_group'),(13,'Can add user',5,'add_user'),(14,'Can change user',5,'change_user'),(15,'Can delete user',5,'delete_user'),(16,'Can add message',6,'add_message'),(17,'Can change message',6,'change_message'),(18,'Can delete message',6,'delete_message'),(19,'Can add content type',7,'add_contenttype'),(20,'Can change content type',7,'change_contenttype'),(21,'Can delete content type',7,'delete_contenttype'),(22,'Can add session',8,'add_session'),(23,'Can change session',8,'change_session'),(24,'Can delete session',8,'delete_session'),(25,'Can add site',9,'add_site'),(26,'Can change site',9,'change_site'),(27,'Can delete site',9,'delete_site'),(28,'Can add log entry',10,'add_logentry'),(29,'Can change log entry',10,'change_logentry'),(30,'Can delete log entry',10,'delete_logentry'),(31,'Can add designation',11,'add_designation'),(32,'Can change designation',11,'change_designation'),(33,'Can delete designation',11,'delete_designation'),(34,'Can add business nature',12,'add_businessnature'),(35,'Can change business nature',12,'change_businessnature'),(36,'Can delete business nature',12,'delete_businessnature'),(37,'Can add Country',13,'add_country'),(38,'Can change Country',13,'change_country'),(39,'Can delete Country',13,'delete_country'),(40,'Can add US State',14,'add_usstate'),(41,'Can change US State',14,'change_usstate'),(42,'Can delete US State',14,'delete_usstate'),(43,'Can add contact info',15,'add_contact_info'),(44,'Can change contact info',15,'change_contact_info'),(45,'Can delete contact info',15,'delete_contact_info'),(46,'Can add address',16,'add_address'),(47,'Can change address',16,'change_address'),(48,'Can delete address',16,'delete_address');
/*!40000 ALTER TABLE `auth_permission` ENABLE KEYS */;
UNLOCK TABLES;

--
-- Table structure for table `auth_user`
--

DROP TABLE IF EXISTS `auth_user`;
/*!40101 SET @saved_cs_client     = @@character_set_client */;
/*!40101 SET character_set_client = utf8 */;
CREATE TABLE `auth_user` (
  `id` int(11) NOT NULL AUTO_INCREMENT,
  `username` varchar(30) NOT NULL,
  `first_name` varchar(30) NOT NULL,
  `last_name` varchar(30) NOT NULL,
  `email` varchar(75) NOT NULL,
  `password` varchar(128) NOT NULL,
  `is_staff` tinyint(1) NOT NULL,
  `is_active` tinyint(1) NOT NULL,
  `is_superuser` tinyint(1) NOT NULL,
  `last_login` datetime NOT NULL,
  `date_joined` datetime NOT NULL,
  PRIMARY KEY (`id`),
  UNIQUE KEY `username` (`username`)
) ENGINE=MyISAM AUTO_INCREMENT=6 DEFAULT CHARSET=latin1;
/*!40101 SET character_set_client = @saved_cs_client */;

--
-- Dumping data for table `auth_user`
--

LOCK TABLES `auth_user` WRITE;
/*!40000 ALTER TABLE `auth_user` DISABLE KEYS */;
INSERT INTO `auth_user` VALUES (1,'contactadmin','','','it@fifthgentech.com','sha1$7a76f$0d394732d6c85a07fe9b53531634ab182dae7522',1,1,1,'2012-07-09 01:53:47','2010-07-21 10:15:54'),(3,'jai.srinivasan','','','','sha1$0eb32$42f159edd92359c1602b73c8cee86baba8651f08',0,1,0,'2010-07-21 20:12:51','2010-07-21 20:12:51'),(4,'reeba.r','Reeba','Raj','reeba.r@fifthgentech.com','sha1$bc099$f70fade094f3d24009badb6aac4449d91169f2e4',1,1,0,'2010-09-16 12:31:17','2010-09-16 12:28:18'),(5,'guest','','','','sha1$7ea47$b048def7db0f59954676e9f752ab41525bd1feb0',1,1,0,'2010-09-16 12:32:25','2010-09-16 12:30:01');
/*!40000 ALTER TABLE `auth_user` ENABLE KEYS */;
UNLOCK TABLES;

--
-- Table structure for table `auth_user_groups`
--

DROP TABLE IF EXISTS `auth_user_groups`;
/*!40101 SET @saved_cs_client     = @@character_set_client */;
/*!40101 SET character_set_client = utf8 */;
CREATE TABLE `auth_user_groups` (
  `id` int(11) NOT NULL AUTO_INCREMENT,
  `user_id` int(11) NOT NULL,
  `group_id` int(11) NOT NULL,
  PRIMARY KEY (`id`),
  UNIQUE KEY `user_id` (`user_id`,`group_id`),
  KEY `auth_user_groups_403f60f` (`user_id`),
  KEY `auth_user_groups_425ae3c4` (`group_id`)
) ENGINE=MyISAM DEFAULT CHARSET=latin1;
/*!40101 SET character_set_client = @saved_cs_client */;

--
-- Dumping data for table `auth_user_groups`
--

LOCK TABLES `auth_user_groups` WRITE;
/*!40000 ALTER TABLE `auth_user_groups` DISABLE KEYS */;
/*!40000 ALTER TABLE `auth_user_groups` ENABLE KEYS */;
UNLOCK TABLES;

--
-- Table structure for table `auth_user_user_permissions`
--

DROP TABLE IF EXISTS `auth_user_user_permissions`;
/*!40101 SET @saved_cs_client     = @@character_set_client */;
/*!40101 SET character_set_client = utf8 */;
CREATE TABLE `auth_user_user_permissions` (
  `id` int(11) NOT NULL AUTO_INCREMENT,
  `user_id` int(11) NOT NULL,
  `permission_id` int(11) NOT NULL,
  PRIMARY KEY (`id`),
  UNIQUE KEY `user_id` (`user_id`,`permission_id`),
  KEY `auth_user_user_permissions_403f60f` (`user_id`),
  KEY `auth_user_user_permissions_1e014c8f` (`permission_id`)
) ENGINE=MyISAM AUTO_INCREMENT=18 DEFAULT CHARSET=latin1;
/*!40101 SET character_set_client = @saved_cs_client */;

--
-- Dumping data for table `auth_user_user_permissions`
--

LOCK TABLES `auth_user_user_permissions` WRITE;
/*!40000 ALTER TABLE `auth_user_user_permissions` DISABLE KEYS */;
INSERT INTO `auth_user_user_permissions` VALUES (1,4,32),(2,4,33),(3,4,34),(4,4,35),(5,4,36),(6,4,40),(7,4,41),(8,4,43),(9,4,44),(10,4,45),(11,4,46),(12,4,47),(13,4,48),(14,4,19),(15,4,20),(16,4,21),(17,4,31);
/*!40000 ALTER TABLE `auth_user_user_permissions` ENABLE KEYS */;
UNLOCK TABLES;

--
-- Table structure for table `contact_info_contact_info`
--

DROP TABLE IF EXISTS `contact_info_contact_info`;
/*!40101 SET @saved_cs_client     = @@character_set_client */;
/*!40101 SET character_set_client = utf8 */;
CREATE TABLE `contact_info_contact_info` (
  `id` int(11) NOT NULL AUTO_INCREMENT,
  `company_name` varchar(120) NOT NULL,
  `executive_name` varchar(120) NOT NULL,
  `designation_id` int(11) DEFAULT NULL,
  `mobile_no` varchar(50) DEFAULT NULL,
  `tel_no` varchar(50) DEFAULT NULL,
  `fax_no` varchar(50) DEFAULT NULL,
  `email` varchar(75) DEFAULT NULL,
  `website` varchar(200) DEFAULT NULL,
  `business_nature_id` int(11) DEFAULT NULL,
  PRIMARY KEY (`id`),
  KEY `contact_info_contact_info_264c200e` (`designation_id`),
  KEY `contact_info_contact_info_f97fb35` (`business_nature_id`)
) ENGINE=MyISAM AUTO_INCREMENT=794 DEFAULT CHARSET=latin1;
/*!40101 SET character_set_client = @saved_cs_client */;

--
-- Dumping data for table `contact_info_contact_info`
--

LOCK TABLES `contact_info_contact_info` WRITE;
/*!40000 ALTER TABLE `contact_info_contact_info` DISABLE KEYS */;
INSERT INTO `contact_info_contact_info` VALUES (1,'ABI','BHASKAR',1,'9841027034','28292333','28293719','','',1),(2,'ABI ','ACHALNATH',1,'9811157792','01123315168','01124355159','','',1),(3,'Aviation Express ','Car',2,'','22561013','','','',2),(4,'AU-KBC Research Centre','Dr.Krishnan',1,'9841026505','22234885','22231034','info4all@au-kbc.org','http://www.au-kbc.org',1),(5,'AXIS BANK LTD','NITIN',1,'9176802343','22431841','22430335','K.NITHINCHAND@AXISBANK.COM','',3),(6,'Alacrity Housing Ltd','Unni',1,'','28251771','28229375','','',1),(7,'ABACUS','Geetha',1,'','24960904','','','',1),(8,'Access Computers Data Corp','Sudhakar',1,'','28231807','28217215','','',1),(9,'Kestone Research Ltd','Alok Parna ',1,'','0805204313','0805204311','','',1),(10,'Advanced Surgical Ltd','Advanced Surgical Ltd',1,'','28544547','28419131','','',1),(11,'Apollo Surgical Ltd','Apollo Surgical Ltd',1,'','28415157','28594553','','',10),(12,'Apollo Hospitals','Apollo Hospitals',1,'','28296580','28290200','','',10),(13,'Aspire Technology','Aspire Technology',1,'','24610149','','','',1),(14,'Avtar Career Creators','Lakshmi',1,'9840231399','28131892','28131893','','',12),(15,'Advanced Infotech','Sanjeev',1,'9891242803','01155460750','','','',1),(16,'Amrith Sivaraman','Amrith Sivaraman',1,'9945167530','','','','',1),(17,'Dr.A P J Abdul Kalam\'s PA','Major Swaminthan',1,'','01123015522','','','',1),(18,'Airport Hotel','Airport Hotel',1,'','01125675716','01125672194','','',6),(19,'P.S.Ananthanarayanan','P.S.Ananthanarayanan',1,'9840746681','24990763','','','',1),(20,'American Express Credit Card- Corporate','CCC',1,'01242801399','18004191030','18004191222','','',17),(21,'Tapovan','Tapovan',1,'9003011745','42525252','','tapovan@margproperties.com','',1),(22,'Balmer Lawrie ','Nirmala Menon',1,'','24302426','24302427','','',1),(23,'Banyan','Maslyne',1,'9840020161','26530105','26531049','','',18),(24,'Bhagyaan Associates','Shrinivasan',1,'9841090069','24940993','','','',1),(25,'Benmark Softech ','Viswanathan',1,'9841040987','24672603','24971574','','',1),(26,'Benchmark Softech ','Vijay',1,'9840064856','24987589','24971574','','',1),(27,'Blue Star','Raviprasad',1,'9841034981','28158855','28158015','','',1),(28,'Bambino','Bambino',1,'','24321441','','','',1),(29,'Bay Leaf','Bay Leaf',1,'','24997637','24997638','','',1),(30,'Bata India ','Steve Davies ',1,'','03322440272','','','',1),(31,'Brahadwani','Brahadwani',1,'','24329878','','','',1),(32,'Barathi Call Taxi','Taxi Driver',1,'','28142233','','','',13),(33,'BPL Telecom P LTD','Sri S',1,'','28130543','28130546','','',4),(34,'Bharathi Palan Canada','Bharathi Palan Canada',1,'','0014167562446','','','',1),(35,'Embassy Consulate Belgium ','Morena ',1,'','02223521602','02223515186','','',1),(36,'Bombay Stationers','Bombay Stationers',1,'','28602461','28602462','','',1),(37,'Business Solution International ','Vanangamudi',1,'9840603221','42135533','','','',1),(38,'Bizsoft Solutions & Services','Nishen Roy',1,'9884564725','42318024','42318025','','',1),(39,'Bombay Sports','Bombay Sports',1,'','28528470','','','',1),(40,'Tychon Solution (P) Ltd','Subramaniam',1,'9841049191','42132082','','','',1),(41,'Blue Shift ','Shankaran',1,'9380365272','24313211','42272583','','',1),(42,'BG Enterprises','BG Enterprises',1,'9840028177','65392188','','','',16),(43,'Gurukal Balakrishnan','Gurukal Balakrishnan',1,'9840424500','24620444','','','',1),(44,'Binder Ramalingam','Binder Ramalingam',1,'9940289050, 9840924272','','','','',1),(45,'British Council','British Council',1,'','42050600','','','',1),(46,'Chennai Customs','Virendra Kumar',1,'9381723950','25272582 / Paul 25263187','25263205','','',1),(47,'Appollp Women','Dr.Haripriya',1,'9952047576','24672200','','','',1),(48,'Amex Corporate Office','Pranar Kumar Mishra',1,'011 41704022','','','','',1),(49,'Chennai Kids','P C Balasubramaniam',1,'9841019770','24347440','24363034','','',1),(50,'Cymbionic Marketing','Brinda',1,'28205910','','','','',1),(51,'Cars India','Satyan',1,'24338412','24338596','','','',1),(52,'Citi Bank','Priya',1,'28522484','28521771','','','',1),(53,'Cavin Kare Ltd','Jagdish',1,'28217912','28217854','','','',1),(54,'Compact UPS','Kathick',1,'9840410968','24352151','24352803','','',1),(55,'Citi Computer Clinic','TamilSelvan',1,'28238198','','','','',1),(56,'Country Club','Richard',1,'9841027151','24314246','','','',1),(57,'Clarke School','Ramaa',1,'','28475855','28475422','','',1),(58,'Chinmaya Vidyalaya','Satyamurthy',1,'24871802','26460631','','','',1),(59,'Chettinad Vidhyashram','M',1,'24938040','24938900','','','',1),(60,'Carsten Fisher ','R & L',1,'040 30121364','040 30121416','','','',1),(61,'CST','Sridhar',1,'9841017782','22540555','42098620','','',1),(62,'Chandra Sekaran ','Chandra Sekaran ',1,'22540555','22547006','','','',1),(63,'Canadian Trade Section','IT Vittal',1,'011 6876500','011 6875387','','','',1),(64,'Cresent Eng College','Bharathi',1,'22391347','22391307','','','',1),(65,'Clasticon Solutions','Shaleena',1,'26285025','','','','',1),(66,'Cyber Globe India pvt ltd','Rashad',1,'24359991','42010131','','','',1),(67,'Citi Bank Shelters','Citi Bank Shelters',1,'28470321','','','','',1),(68,'Citi Business ','Rabin Steven',1,'9884095962','28461782','','','',1),(69,'CTS','Chandra ',1,'42096000','','','','',1),(70,'Clasticon Solutions','Mahesh',1,'98400 96343','98401 73058','','','',1),(71,'Cimans India ','Anu',1,'22316653','22250153','22250487','','',1),(72,'CII India','Sharada Ramani',1,'9840182538','24914606','24467048','','',1),(73,'CTS ','Sairaj',1,'28116033','28113063','','','',1),(74,'CTS','Swami',1,'9884010430','','','','',1),(75,'CTS','Sritika',1,'42096690','','','','',1),(76,'CTS','AJIT',1,'42096733','','','','',1),(77,'Classic Prints','Selvaraj',1,'9841134391','25970790','','','',1),(78,'Carlson Wagon Travels','Raghavan',1,'9840043334','24313361','','','',1),(79,'Cars India','Raghavan',1,'9841059734','24483040','','','',1),(80,'Cool N Cool','Cool N Cool',1,'24611007','','','','',1),(81,'Chennai Telephones','DGM',1,'24348900','','','','',4),(82,'Chennai Fax','Lakshmi',1,'24361907','55668000','','','',1),(83,'Chitra Subramaniam','Chitra Subramaniam',1,'01722623705','9888470014','','','',1),(84,'Courier Blue Dart','Sornam',1,'9381203130','9841285912 / 11','','','',1),(85,'Chennai Telephones','BSNL',1,'2225000','2233555','22252021','','',1),(86,'G.K.Catering Services','G.K.Catering Services',1,'22365492','22416430','','','',1),(87,'Cars India','Venkatesh',1,'9840589089','24462020','42120808','','',1),(88,'Citi Bank','Chokalingam',1,'9841791102','','','','',1),(89,'Courier','Joseph',1,'9841143467','24840808','','','',1),(90,'Canon Printer','Canon',1,'28410166','28591329','28594101','','',1),(91,'CMS Computer','Venkatesh',1,'9324472626','022 28229323','28216511 / 24315347/48','','',1),(92,'Canon Office','Canon',1,'28241951','28241952','','','',1),(93,'Cinthamani Computers','Eswar',1,'9381063518','28150169','28153842','','',1),(94,'Canadian Embassy','Suny Singh',1,'28330887','01141782000','','','',1),(95,'Chennai Call Taxi','Call Taxi',1,'25984455','','','','',13),(96,'Cindy Redwood','Cindy Redwood',1,'61410589127','61738400386','','','',1),(97,'CI.COM','Sujatha',1,'9840182538','24928011','42151252','','',1),(98,'Convex Studio','Arun',1,'9840881815','42032840','','','',8),(99,'Ceebros Property','Jagdish',1,'9841060500','43036676','','','',1),(100,'CNG','Kathick',1,'9443813003','28584941','','','',1),(101,'Comm for Employment & Trainer','Sivagami',1,'9444487856','22324525','','','',1),(102,'CKING Consultancy','CKING Consultancy',1,'9841410876','45504212','45504312','','',1),(103,'Chinmaya International','Chinmaya International',1,'0422 2613300','0422 2613303','','','',1),(104,'Canwin Solutions','Canwin Solutions',1,'9444075695','23764686','','','',1),(105,'Ceebros ','Srinivasan',1,'9790874564','22431025','','','',1),(106,'Carpet Care Services','Service Eng',1,'24850943','','','','',1),(107,'Coffe & Tea Vending Machin','Willams',1,'9500029582 , Stock994065308','43561212 43561717','','','',1),(108,'Chandru','Chandru',1,'98410 15999 / 441844201216','42108898 / 24661758','','','',1),(109,'Canon India ','Vino',1,'28241958','28241965','','','',1),(110,'Dishnet','Sundaram',1,'28256201','28269207','','','',1),(111,'Deloitte Haskins','Raviveeraraghavan',1,'98410 75712','24361879','24361627','','',1),(112,'Devaraj Computer','Bheependar',1,'28418778','28591164','','','',1),(113,'Doshi Housing Ltd','Mehul Joshi',1,'24349803','24349898','','','',1),(114,'Durai Raj ','Durai Raj',1,'24501191 extn 19','','','','',1),(115,'Dinamalar','Vetri',1,'98402 12623','','','','',1),(116,'Digital Pacific','Peer Othamed',1,'98410 82917','24928176','','','',1),(117,'David Berridge ','David Berridge ',1,'61738208300','','','','',1),(118,'DBA','Mohan',1,'9444886089 /Francis 9884118238/ Palani 9444435588 ','26630064/68','42290000/66','','',1),(119,'Delta Peripherals','Delta Peripherals',1,'28521607','28521572','','','',1),(120,'Datamatrix Corpn','Sripriya',1,'28110967','28110958','','','',1),(121,'Dimension','Dimension',1,'42030507/508','','','','',1),(122,'David World Vision','David World Vision',1,'24807107','','','','',1),(123,'Dental Care','Dental Care',1,'42013355','','','','',1),(124,'Dhonadhi Hitech Innovations','Dhonadhi Hitech Innovations',1,'24335772','4212805','24329653/9871','','',1),(125,'Dishnet','Leena',1,'Ramesh 98410 88726','28256201 extn 2565','','','',1),(126,'Dishnet','Reddy B B',1,'9841099789','24313001 TO 015','','','',1),(127,'Dr.G.Sundaram','Dr.G.Sundaram',1,'9884403717','28474491','','','',1),(128,'Dhanush Enterprises','Balaji',1,'24359024','','','','',16),(129,'DIL','Chandru',1,'9380574245 / 9884464965','66147777','','','',1),(130,'DBS Cholamandalam','Jaishree',1,'9841444935','42605753','','','',1),(131,'Day to day office suppliers','Office Suppliers',1,'99400 45227','42359177','28116188','','',1),(132,'Anil Lambe','Meera',1,'020 6340316','0206348913','0206348042','','',1),(133,'Arvinda Babu','Arvinda Babu',1,'040 3040261 /262','','','','',1),(134,'Adhiyamaan Eng College','Vijayakumar',1,'','04344560575','','','',1),(135,'Ambbiance ','Chandramouli',1,'98410 27187','28263859','','','',1),(136,'Asha Raman','Asha Raman',1,'9844024723','0806729184','','','',1),(137,'Advanced Softech Solutions','Ganesh',1,'98400 67744','24314126','','','',1),(138,'Amrish Perjari','Amrish Perjari',1,'9841073800','28240338','28275424','','',1),(139,'Air Travel Enterpriises','Air Travel Enterpriises',1,'','28553654','28553656','','',5),(140,'Artiifical Plant ','Kusal Flora',1,'28265572','28261086','','','',1),(141,'Altra System','Bala / Hema',1,'','24852967','24746476','','',1),(142,'Aditya Ram','Aditya Ram',1,'','24474222','24474333','','',1),(143,'Ez Vidhya ','Chitra Ravi',1,'28229345','28214992','','','',1),(144,'Emirates Airlines','Jyoti',1,'','28234017/28223700/28240137','55834444','','',1),(145,'Elind','Mangalshetty',1,'','080 5216767','','','',1),(146,'Ergomaxx','Kalyankumar',1,'9840296096','','','','',1),(147,'EMT','John Dyke',1,'','15196687336','15196683227','','',1),(148,'Expert Systems','Rajaprasad',1,'98410 97125','','','','',1),(149,'Easy Links','Santhosh Narayanan',1,'','24848201','','','',1),(150,'Eurocorp Security','Balachandar',1,'98408 45454','28222130/1490','','','',4),(151,'EWAK','Sridhar Babu',1,'9840291311','26211545/561','','','',1),(152,'Excellent Xerox','Xerox',1,'','28202350','','','',1),(153,'Electrican Sekar','Sekar',1,'9841514189/9444142915','24756582','','','',1),(154,'Kamal Stores','Basha',1,'9884185755','24350630','','','',1),(155,'Enkay Technologies','Daniel',1,'98841 37255 /97890 89037','26680460 / 45512009','26681040','','',1),(156,'EWIT','Bhuvana',1,'9940544164','42120706','42964000','','',1),(157,'Exemplarr world wide ','Rajini Reddy',1,'98400 71245','24544401/02/03','24544404','','',1),(158,'Esab India Ltd','Esab India Ltd',1,'','42281100/43404690','','','',1),(159,'Finolex ','Srinivasan',1,'','28269526/28223613/0341','2826932','','',1),(160,'Fourth R','Ganesan',1,'','28229533/28267745','24672036','','',1),(161,'Fergusson College Pune','Kulkarni',1,'','020 5675359','020 5671398','','',1),(162,'Finolex  Pune','Finolex Pune',1,'','020 7475963','','','',1),(163,'Four Bhai','Montoo Sharma',1,'98401 20950','28529648','','','',1),(164,'Future Achievers','Srikanth',1,'','24711648','26248166','','',1),(165,'Fomra Electricals','Nitin Daha',1,'','25366917','','','',1),(166,'Feroz','Feroz',1,'94441 75763','','','','',1),(167,'Fax Mandal','Jeevanandhan',1,'9841166670','24986803','','','',1),(168,'Florist - SS Florist','Lakshmi',1,'9841750504','24998227','','','',1),(169,'Farida','Veneta',1,'','42030311/312','','','',1),(170,'Feather lite','Feather lite',1,'','28232764/28274785','','','',1),(171,'Fast track','Fast track',1,'','24732020','','','',1),(172,'Federal Express ','Federal Express ',1,'','42078903/04/06','42049495','','',1),(173,'Finolex  Pune','Samrat',1,'9822889933','020 27475963','','','',1),(174,'Frozen Thoughts','Frozen Thoughts',1,'','42060708','','','',1),(175,'Fraser & Ross','Gopal',1,'98416 44068','42131124/25/26/27','','','',1),(176,'First Flight','EGL',1,'9884099012/9884277703','43563210','','','',1),(177,'FIFTH ESTATE','S.N.SRIKANTH',1,'9444024770','42337153/24417863','22435676','fifthestate18@gmail.com','',1),(178,'Foxmandal Little','Jeevanandham Rajagopal',1,'','24361026','','','',1),(179,'Focus Gallery','Mayur',1,'9884000055','24662550','','','',1),(180,'Fresh & Honest ','Aishwarya',1,'9962504971/9962504686','','','','',7),(181,'Fifth Generation Technologies India Pvt Ltd','5G',1,'','22502773/2774/2775','22502776','reachus@fifthgentech.com','',1),(182,'5G Technologies Ltd','5G -Rehan',1,'16478904411','14169203111','19055690490','','',1),(183,'5G Technologies Europe Ltd','5G -Jon kent',1,'00447951791711','00441913055174','','','',1),(184,'Gemini Communication','Somasundaram',1,'9884150657','24996422','24995062','','',1),(185,'Globus UPS','Rahatullah',1,'9841012230','4512230','','','',1),(186,'Cyber Globe','Gopalan',1,'9841310160','','','','',1),(187,'Gislen Software ','Mathews',1,'9841563144 / 9841591223-Mich','22627541/42038801','22623856','','',1),(188,'GRT Grand Days','GRT Grand Days',1,'','28150500','','','',1),(189,'Galle Face Hotel Colombo','Galle Face Hotel Colombo',1,'','0094112541010','','','',1),(190,'Golicha Cars','Kishore Kumar',1,'9841026488','28155750/28150120','','','',1),(191,'Gokul Cables','Gokul Cables',1,'','24991210','','','',1),(192,'G.S.Arts','Shanmugam',1,'9444668505','24359778','','','',1),(193,'Goldman Advertisers','Goldman Advertisers',1,'9444452170','42620001/02','','','',1),(194,'Gandhi Nagar Club','Gandhi Nagar Club',1,'','24902005/24910796/24414686','LS 143','','',1),(195,'GE Fanuc Systems','H.N.Dileep',1,'9342527534','08041314689','08028528329','','',1),(196,'Grow Talent','Grow Talent',1,'','01244011691-94','01244011695','','',1),(197,'Glengrove Suites','Glengrove Suites',1,'','0014164898441','','','',1),(198,'G.M.Motors Service','G.M.Motors Service',1,'','28579223','28579224','','',1),(199,'Gypsum Board ','Ravi',1,'9840024446','','','','',1),(200,'Hindu','Geetha',1,'','24520535','28413344/0643','','',1),(201,'Hotel Maris','Shekhar',1,'','28112236','','','',1),(202,'Hemachandrudu','Hemachandrudu',1,'9841186086/9840145754','26213677','','','',1),(203,'HDFC Bank','HDFC Bank',1,'','28223778/3277','28241714','','',1),(204,'Hash Bhandari','Hash Bhandari',1,'9841050566','','','','',1),(205,'Hotel Parijat Delhi','Hotel Parijat Delhi',1,'','01126413846','','','',1),(206,'Haron Technologies ','Srinivasan',1,'9840069437','24614322/4170','24937126','','',1),(207,'Hotel Shelters','Srinivasan',1,'9841072073','24951919','','','',1),(208,'HDFC Bank','Sandhya Shankar',1,'','28223267/28605959','','','',1),(209,'Honeywell','Sudharshan',1,'9840299447/Sanjeev-9822599332','28255463/766','','','',1),(210,'HP','Shivakumar',1,'9840065864','252110391','','','',1),(211,'Hotel Renuka','Hotel Renuka',1,'','2573598','','','',1),(212,'Hotel Hampton Inn','Hotel Hampton Inn',1,'','15028674888','','','',1),(213,'Hi Care Services','Hi Care Services',1,'98402 62102','24424258','','','',1),(214,'HP Sales','Kumar',1,'','28365566/42059999','45165517/24998327','','',1),(215,'Hotel Sabhabishagam','Hotel Sabhabishagam',1,'','04364 279223','','','',1),(216,'Hotel Leela Kempinski','Hotel Leela Kempinski',1,'','022 56911234/11219/220','','','',1),(217,'Hotel Saravana Bhavan','Hotel Saravana Bhavan',1,'','24892466','24890066','','',1),(218,'Happy Home Foundations','Happy Home Foundations',1,'','28341208','','','',1),(219,'HP BPO','Kannan',1,'9845931535','080 25200602-09','','','',1),(220,'HDFC Loan','HDFC Loan',1,'99400 25376','','','','',1),(221,'HR Dex People Solutions','HR Dex People Solutions',1,'9986768804','080 64503877','','','',1),(222,'High Profile Con','High Profile Con',1,'99412 66838','65911838','','','',1),(223,'Hotel Rain Tree','Tamy',1,'98846091963','42252525','42252529','','',1),(224,'Hotel ITC Park Sheraton','Hotel ITC Park Sheraton',1,'','24994101','24662437','','',1),(225,'Hotel Subway','Hotel Subway',1,'','42605060 T.Nagar, 42048080-Besant Ngr','28111177-Home Delivery','','',1),(226,'Hindustan Lever Ltd','Barani',1,'9940360520','39830000','24610427','','',7),(227,'Hotel Guest Line','Hotel Guest Line',1,'','080 22898500','','','',1),(228,'ICICI Santhome','Shyam',1,'9884208684, Suba-9841605757','45038251/42139989','42062023/29 ','','',1),(229,'IT Office','Vishnukalai',1,'','25670783','25665566-5919 Extn Siva','','',1),(230,'IPATH Technologies','Srinivasan',1,'98410 72861','42024396 / 9841370805','','','',1),(231,'ICICI Nungambakkam','Bargavi',1,'9962559528','42062029','45038251','','',11),(232,'ITC Travel','ITC Travel',1,'','43970000','43970125','','',1),(233,'ICM ','Kalyani',1,'9381044068','24520792/6571','','','',1),(234,'Intergrated Enterprises','Selva',1,'','28150891/0892','','','',1),(235,'IEE Services Pvt Ltd','Stephen Budden ',1,'161242721899','161295433611','161295433622','','',1),(236,'IRS Communications','IRS Communications',1,'98410 87635','24343531','','','',1),(237,'ID Tag Systems','Ajit',1,'9444386541','23650141','','','',8),(238,'IT Kids','Gajapathy',1,'98400 36603','25396268/69','','','',1),(239,'ICICI Anna Salai','Ganesh',1,'','24342660/2550','24340529','','',1),(240,'Intecon Computers ','Pandey',1,'','24811505/48','','','',1),(241,'IIT ','Varadharajan',1,'','24458062','','','',1),(242,'Indian Airlines','Indian Airlines',1,'','Airport 22341971/1975','booking off: 23453301/302/366','','',1),(243,'Infolink ','Infolink ',1,'','080 3348868/3543318','','','',1),(244,'Ideal Resorts','Maha',1,'','28215232/28237583/28212960','','','',1),(245,'IIT','Shanmugam',1,'','2578000','2579000','','',1),(246,'IISE ','Manohar',1,'','080 3600411/3942001/2913','080 23610567','','',1),(247,'Indo Austrialan Chamber','Sarath Chandran',1,'','28254870','28213231','','',1),(248,'Indo Italian Chambers','Indo Italian Chambers',1,'','28242399/397','','','',1),(249,'IIT ','N.N.Kishore',1,'','0512 2597775/ 25977237/2590161/151','0512 2597408','','',1),(250,'Indian Express','Muthukumar',1,'98402 26344','','','','',1),(251,'IT Square Head solutions','William',1,'98206 44049','022 256916807','022 256950333','','',1),(252,'ICICI','Steven',1,'98412 77507','','','','',1),(253,'IIT','AK Singh (NDE Lab)',1,'','0512 2597237','','','',1),(254,'India Tourism','India Tourism',1,'','28460285/28461459','','','',1),(255,'ICICI Prudent','Vijayalakshmi',1,'','42080006/42028000','','','',1),(256,'Indian Bank Ceylon','Indian Bank Ceylon',1,'','0094112440969/3234021403','','','',1),(257,'Immigration Officer','Unnikirshnan.T.P',1,'98401 43114','23454971/73','','','',1),(258,'Isabilla Hospital','Dr.Ravi',1,'','24991081/24992533','','','',1),(259,'IDART ','Venkatachari',1,'98407 46940','42111141/42110217','Ravichandran-98408 36925','','',1),(260,'Infotree Solutions','Infotree Solutions',1,'','42108898/8998','','','',1),(261,'ICICI Private Banking','Athiyaman',1,'','28222405/803/804','','','',11),(262,'Jayam Consultants','Padmanabhan',1,'','24990477/4734/5657','','','',1),(263,'Jyoti Agencies','P Shantakumar',1,'','24661217','','','',1),(264,'Jetairways','Customer Care',1,'','39893333','Booking office: 28414141','','',1),(265,'Jayadevan','Jayadevan',1,'','24838972','','','',1),(266,'Jaya Travels','Raghavendran',1,'','28514219-23','28554593','','',1),(267,'Just Dial','Just Dial',1,'','26444444','','','',1),(268,'JSR Systems','John Paul',1,'98412 85533','','','','',1),(269,'Jaya Travel & Tours','Jaya Travel & Tours',1,'','28514219/28554593','','','',1),(270,'JP Research Inc.','Ajit ',1,'0016508612101','0016505595999','0016509415304','','',1),(271,'Jobmax Careers','Gopinath / Sarulatha',1,'9840924883/9444055554','65900738','','','',1),(272,'Jay Parbolic Ltd','V P Sathya',1,'9380150055, 938002498-Valliyappan, 9380160011-HR','','','','',1),(273,'JPR Ananth V Karve','Ananth V Karve',1,'09822021770','020 24490540/24473676','','','',1),(274,'JPR INDIA','Jeya Padmanabhan',1,'9790741073','43036670/42644268','','','',1),(275,'Kibro Elbert Grove Company','Subhash Pathangary',1,'98400 24552','2824994/2404273','28535427','','',1),(276,'United India Assurance','Kalyana Sundaram',1,'','24940262/24950947','24941966','','',1),(277,'KMR Online','Selvaraj Kumar',1,'','24340024','','','',1),(278,'Kausan','Olander',1,'','24662885','','','',1),(279,'Kanchi Mutt','Vaidyanathan',1,'','04112 22115/24003','','','',1),(280,'Kay Bee Poweleec','Kadal Amuthan',1,'','24984180','24961907','','',1),(281,'KPN Travels','KPN Travels',1,'','24310624/99 ,22349199-guindy','','','',1),(282,'Krithika Enterprise','Divya',1,'','24662630','','','',1),(283,'Kerala Lawyer','Satish Murthy',1,'','0484 2361010','','','',1),(284,'Karthikeyan N','Karthikeyan N',1,'','24893904','','','',1),(285,'Kalyan','Kalyan',1,'98410 73655','','','','',1),(286,'Karnataka State Tourism ','Karnataka State Tourism ',1,'','080 22275869/83','080 22212098/72883','','',1),(287,'AUKBC','Krishnan',1,'9841026505','','','','',1),(288,'Kushboo Computers','Kushboo Computers',1,'','24358415/24361116','','','',1),(289,'K9 Technology','K9 Technology',1,'','24360444','','','',1),(290,'KCRC ','Marian',1,'98406 00733','28223233','','','',1),(291,'Kriba','Charles',1,'988405090/9884384290','','','','',1),(292,'Kryptos Network Pvt Ltd','Gokulnath',1,'99400 52357/99401 96273','','','','',1),(293,'Kingfisher Airlines','Kingfisher Airlines',1,'','22561827/1829','','','',1),(294,'Kotak Mahindra Bank','Sylester ',1,'9962079909','','','','',1),(295,'LIC ','Thulasiraman',1,'9841092258','24752823','23742628','','',1),(296,'LTITL','Narayanan',1,'','22523500/01/02','','','',1),(297,'L&T Infotech ','Avinash Mone',1,'98201 37492','022 28581041/28581401','022 28581615/1592','','',1),(298,'L&T Infotech ','Washi',1,'','022 27622501','','','',1),(299,'L&T Infotech ','Dheeraj Tusshara',1,'','022 26948496 extn 8607','Anish shah 26948492','','',1),(300,'L&T Infotech ','Kiranpai',1,'9821089288','022 28581449','022 22611081','','',1),(301,'L&T Infotech ','Vivek Shirur',1,'9820009949','022 256948552','','','',1),(302,'L&T Automation','Abraham A Samson',1,'98201 28494','022 27683511','022 27823267','','',1),(303,'L&T Infotech ','RVS Mani Maashi',1,'98201 37495','022 27621100 etcn 4200','','','',1),(304,'L&T Infotech ','Sunil Pandey',1,'98211 21910','022 67934343','','','',1),(305,'L&T Infotech ','Pradeep KunthamBaker',1,'9820416481','022 56948531 etxn8531','','','',1),(306,'L&T Infotech ','Sanjay Chowdhry',1,'','022 56948484 etxn 8505','','','',1),(307,'L&T Infotech ','Routh',1,'9845113082','0821 2402812, 0821-2402561-Ganesh','0821 2404464-Mahesh','','',1),(308,'Lakshminarayan','Lakshminarayan',1,'','26183704','','','',1),(309,'L&T Infotech ','Sunil Sapril',1,'','022 28581280/67050505','022 56948545/8530','','',1),(310,'L&T','Srinivasan',1,'9820305366','022 5511262/56948085','','','',1),(311,'L&T Automation','Pradeed',1,'98203 05604','022 7906522','','','',1),(312,'L&T','R.N.Mukhija',1,'','022 28581750-Mukhija','022 28581038-Sudharma Rao','','',1),(313,'Vilas Madapurmath','Vilas Madapurmath',1,'98452 63205-Bashyam 080 5250178','408 4465025, 08472-445133','3339700','','',1),(314,'Latha Sukumar','Latha Sukumar',1,'','24941549/24958100','24913650','','',1),(315,'L&T','Sangent & Lundy',1,'98242 52045','0265 2774483','','','',1),(316,'Lucid Technologies','Srinath Jaganathan',1,'98400 84570','26214506/26260719','','','',1),(317,'LK Vohra Consultancy','Vohra',1,'98400 44211','24620962/24358419','24322378','','',1),(318,'L&T','Vinay Thambey',1,'','022 256948133/8057','Washi-27612571','','',1),(319,'LIC ','Suresh',1,'98410 15847','28277736','','','',1),(320,'Landmark','Landmark',1,'28495767/5995','43487070-Mylapore /32914406-Nandanam','','','',1),(321,'Lucas TVS Ltd','K.Seshadri',1,'9840009355','43504196','','','',1),(322,'Luk','Luk',1,'0032497524257','003292505050','','','',1),(323,'Lakshmi Videos','Venkatesh',1,'98400 61222','24985058','','','',1),(324,'Lufthansa Airlines','Lufthansa Airlines',1,'','011 23724200 ','30213535','','',1),(325,'Lionel India Ltd','Gunaseelan',1,'9344099047','28589160/63','','','',1),(326,'L&T Finance Ltd','Subhash',1,'9841444116','67569800/98','','','',1),(327,'LIC Housing Finance ','Rangaswamy / Ramesh',1,'98400 33135/99415 83780','2245 0098','2245 3313','','',1),(328,'L&T Finance','L&T Finance',1,'','28462178','','','',1),(329,'Leo Burnett ','Sanigh ',1,'009411 0777370747','009411 2372080 /2087','','','',1),(330,'Leo Burnett ','Sanjeeva',1,'009411 777354199','009411 2372080 extn 112','','','',1),(331,'L&T','Arvind Ankhilikar',1,'9820158875','022 27612569','','','',1),(332,'Lanson Toyota','Mathew',1,'98405 38235','55500200','','','',1),(333,'Links Computers','Kumar',1,'98843 00281','45198288/42081838','','','',1),(334,'Lucas','Thiruvengadaathan',1,'','28110143','','','',1),(335,'Madras Race Club','Madras Race Club',1,'','22301611','','','',1),(336,'Madras Gymkhana Club','Madras Gymkhana Club',1,'','25368160/168/169','','','',1),(337,'Madras Boat Club','Madras Boat Club',1,'','24354751/3190','24326728/24339289','','',1),(338,'Mega Soft System','Mohan Gandhi',1,'98414 77669','25594928','','','',1),(339,'Moulis','Lakshminarayan',1,'98410 90171/ LN-98400 61161','28514215/28523044/6636','28593511','','',1),(340,'Muthu Travels','Muthu Travels',1,'','28533963/28544770/28527641','','','',1),(341,'Microsoft ','Ravikrishna',1,'9841016076','28473900','','','',1),(342,'Microsoft ','Chitra',1,'98440 08715-Ravi / Ramesh 9844040137','080 22121212 extn: 612','','','',1),(343,'Mars Software','Ragurama Chandran',1,'','95411474816/18/23/58','24350763','','',1),(344,'Manai Foundations','Kripa',1,'','24455224','','','',1),(345,'Meenu Cabs','Muthiah',1,'','28224844/28284844/28264844','','','',1),(346,'Midland CLinic ','Dr.Rajagopalan',1,'','24643793','','','',1),(347,'MPL Ford','Sham',1,'98412 91333','2440080/2450398','2455532 / 222553448','','',1),(348,'Muffakham College of Eng & Tech','Sridhar',1,'','040 3352084','','','',1),(349,'Motilal Goda','Motilal Goda',1,'','24334665','','','',1),(350,'Mepco Schland Eng College','Nagaraj',1,'','04562 430267','','','',1),(351,'Mohanty','Mohanty',1,'9845126580','','','','',1),(352,'Microsoft ','Saurab Mishra',1,'','011 26294600 Etxn:250','','','',1),(353,'Meena Electricals','Meena Electricals',1,'98400 37574','25567225','','','',1),(354,'Microtek Solutions ','Manikandan',1,'','28512821/23','','','',1),(355,'Mylapore Times','Jothi',1,'','24982244','24671122','','',1),(356,'Microsoft ','Microsoft',1,'','080 2121212','','','',1),(357,'Microsoft ','Kodhairaj',1,'','28512821','','','',1),(358,'Malani & Mangai','Malani & Mangai',1,'','24315247','','','',1),(359,'Marquest Solutions','Amrit Michani',1,'98401 89846','31078802/30902711','','','',1),(360,'Maruti County Wide','Palani',1,'98410 99922','31066112','','','',1),(361,'Manikandan','Manikandan',1,'','08056735591','','','',1),(362,'MA Jacoks Carpets','Anup',1,'','28114888','','','',1),(363,'Mohan Chidambram','Mohan Chidambram',1,'009411 07777110009','009411 2300770/1/2/3','','','',1),(364,'LC Thanu','Mohan Braawrin',1,'','28521288','','','',1),(365,'Maersk ','Vidhnu',1,'31045049','','','','',1),(366,'Mason RGL','Krishnan',1,'9841095359','','','','',1),(367,'Mehra Intt','Dr.Maricar',1,'9884289352','2314343/434447','2621479','','',1),(368,'MS Lites','MS Lites',1,'','24326735','','','',1),(369,'National Sports Mediicine Centre','Dr.Madhu',1,'98400 93232','42109248','','','',1),(370,'Mercury Xerox ','Mercury Xerox ',1,'','22324074/22322237','','','',1),(371,'Microsoft ','Pooja',1,'','011 26294600','1600111100','','',1),(372,'Microsoft ','Srikanth ',1,'','080 22121212 extn: 8626','','','',1),(373,'Microsoft ','Anand',1,'','080 22121212 extn: 686','','','',1),(374,'Microsoft Connect','Microsoft Connect',1,'','1800111100','','','',1),(375,'Millennium Motors','Dinesh',1,'9884477555','22301122/1133','22301151','','',1),(376,'Mohidan Tailors','Mohidan Tailors',1,'','24933362/28294875/28291740','','','',1),(377,'Mcrennett Foods','Mcrennett Foods',1,'','64551020/21','','','',1),(378,'Mount Manor HOtel','Prasad',1,'','22310975/22311625','','','',1),(379,'Manava Seva Dharma Samvardhani Annadhanam','Manava Seva Dharma Samvardhani Annadhanam',1,'','28259014','','','',1),(380,'Mothers Kitchen','Victor',1,'9444326567','24543198','45320926','','',1),(381,'Manikam Grand','Venkat/Sukanya',1,'','42076731/33','','','',1),(382,'Megalan Travels','Murguesh',1,'98403 83843','28363747','','','',1),(383,'Microsoft Global Partner Support','Microsoft Global Partner Support',1,'','160018017277...2/3','1600111100....4','','',1),(384,'Max New york Insurance','Max New york Insurance',1,'','42111100','42111111','','',1),(385,'M.S.Guest House','Ramesh',1,'9444202048','24312316/24352984','','','',1),(386,'Maximo Software Solutions','Maximo Software Solutions',1,'971506660169','0097126443322','0097126440009','','',1),(387,'Microsoft ','Microsoft',1,'','011 26292640','1800111100','','',1),(388,'Mathangi Enterprises','Kumar',1,'98401 43065','24335383/24346337','','','',1),(389,'M6.Net','M6.Net',1,'','001 8664966638','001 262821282','','',1),(390,'Mentoris ','Guru Rao',1,'9940090629','','','','',1),(391,'Milk Shankar','Milk Shankar',1,'9710249323','','','','',1),(392,'Mark Enterprises ','Mark Enterprises ',1,'9884002753','','','','',1),(393,'Maximo Software','Ramamurthi ',1,'99400 83488','42318024','42318025','','',1),(394,'Mecury Play Pvt ltd','Ashokan',1,'','040 27722772','','','',1),(395,'Nataraj Exports','Nagaraj',1,'9444176477','','','','',1),(396,'Nagarajan - Yohasri Properties','Nagarajan',1,'24345410/0422 445630','','','','',1),(397,'Net4 India','Vijaysathi/ Chitra',1,'98400 96295','2833351-13','','','',1),(398,'Next Fashion Creator P Ltd','Ram ',1,'','0805537723/3893','080 5533896','','',1),(399,'NPN Communications','Manickam',1,'','28223875','','','',1),(400,'Netlinx','Netlinx',1,'','040 3232200','040 3231610','','',1),(401,'Nucleus Technologies','Surain',1,'','24848601','','','',1),(402,'Neemrana Hotels','Oberoi',1,'','011 24356145/8962/5214','','','',1),(403,'Net Access ','Rajashekar',1,'94441 26666','25353550/51/52','','','',1),(404,'New Burma','Basha',1,'','25362581/25390614','25262289','','',16),(405,'Novellys','Sridhar',1,'98400 88546','55242395/42668070','','','',1),(406,'Net Impacq','Kathick',1,'','42716706','','','',1),(407,'ICICI','Nitin',1,'98840 17858','','','','',1),(408,'Nokia','Nokia',1,'','47119000','47119700','','',1),(409,'Net Links','Net Links',1,'','28155052/3861','','','',1),(410,'Nandine Caterer','Janankiraman',1,'98403 90113','24714019','','','',1),(411,'Nataraj Exports','Venkat',1,'9444176977','24342249','','','',1),(412,'Nasscom','Senthil',1,'99401 34574 ','42327070/7272 / Ashwin 011 23010199','','','',1),(413,'National Management of School','Sundari',1,'9840785100','39103655','','','',1),(414,'Oberoi Hotels','Oberoi Hotels',1,'','080 5585858','','','',1),(415,'Orchard','Orchard',1,'','24670673','','','',1),(416,'On-Dot courier','Jaishankar',1,'','24339778/31042140','26839877','','',1),(417,'Object frontier','Krishna Murthy',1,'','28203704/05/28242240','28242192','','',1),(418,'Om Sai Name & Sign Board','Ramprasad',1,'9444223841 / 355425','24361025/20021025','','','',1),(419,'Odyssey','Karthick',1,'9789975103','24402264','','','',1),(420,'One Source Global','Dakshayani',1,'98400 21271 // Mrinalinin-98403 25842','24414989','','','',1),(421,'Origin','Nila',1,'9940115870','42120351','','','',1),(422,'P.A. Padmanabhan   ','P.A. Padmanabhan   ',1,'9925011373','079695129998','','','',1),(423,'Pearl International','Latha Nath',1,'','28215794/28258555/28241187','','','',1),(424,'Pattabiram Yoganandh & Ram','Pattabiram',1,'98409 18012','24891595/42029285','24988294-sridhar','','',1),(425,'Professional Couriers','Professional Couriers',1,'','24334857/24934340/22500832','22335207','','',1),(426,'PG Xerox','Ganesan',1,'','24339080/4103146','42059398','','',1),(427,'PC 2000','Senthil',1,'','28291007','','','',1),(428,'Prabhu','Prabhu',1,'','080 6588450 extn 200','','','',1),(429,'Padmanbhan','Padmanbhan',1,'98453 76828/33906','080 2280307/6618440','','','',1),(430,'Pharmacy','Pharmacy',1,'','24357433','','','',1),(431,'P A Foowear','Sriram Neelakantan',1,'','26543538-40','','','',1),(432,'Prashant Rai','Prashant Rai',1,'98400 28242','','','','',1),(433,'Prakash Auditor','Prakash ',1,'','22455310','','','',1),(434,'Prakash Shah','Prakash Shah',1,'98240 84182','','','','',1),(435,'Primus','Yugavel',1,'9444223145','28521251//511/629/630','28297777-80','','',1),(436,'Pizza Hut','Pizza Hut',1,'','28116511/14','','','',1),(437,'Park Sheraton','Park Sheraton',1,'','24994101','','','',1),(438,'Polaris','Swaminathan',1,'98840 10430','28524154/28118900','','','',1),(439,'Polaris','Radhakrishnan',1,'9884610132/ VP Shivaramakrishnan9841078105','42196512/39874000','','','',1),(440,'Picopeta Simputers','Divik Verma',1,'9845202802-Manohar','080 23618184','','','',1),(441,'PB Consultancyy','T.P.Sampath Kumar',1,'','28444882','','','',1),(442,'Packers & Movers','Packers & Movers',1,'','26632907/26630379','','','',1),(443,'Parijit Guest House','Parijit Guest House',1,'','011 29233846/29230533','','','',1),(444,'Printer','Rajan',1,'98401 63437 / 9840163825','42136939','','','',1),(445,'PF Office','Jayaraman',1,'99402 55953','22216925/22262298','22264376/22262291','','',1),(446,'Pets Control','Elango',1,'98419 88291','','','','',1),(447,'Parmalat Australia','Parmalat Australia',1,'','0061 738400702','','','',1),(448,'Press','Eswaran/Nisha',1,'98401 59933 -Nisha / 98400 63933 -eswaran','','','','',1),(449,'Parryware - Friendly Services','Sasikumar',1,'99400 18225','42129201/28143137/26400269','18604255999/19014255999','','',1),(450,'Param Consulting','Param Consulting',1,'98400 43039','24740074','','','',1),(451,'Pulse Telesystems','Ganesh',1,'9940341703 / raman 9940341710','42606608','','','',1),(452,'Pizza Hut','Pizza Hut',1,'','39883988/42720414','','','',1),(453,'Printer - Uma Printers','Uma Printer',1,'9840889439','28511313','','','',1),(454,'Laser Printers','Murugan',1,'94440 40297','24720295','','','',1),(455,'G N Laser','Nagaraj',1,'98411 28606','','','','',1),(456,'Power One','Henry',1,'98405 61223','42057597','','','',1),(457,'Quadsel Systems P L','Venkatesh',1,'','28280025/63','28256521','','',1),(458,'Ramesh Srinivasan','Ramesh Srinivasan',1,'9731900661','080 26968194','','','',1),(459,'Raaj Traders','Raja',1,'9283435903','42110521','','','',1),(460,'Radha Enterprises','Radhakrishnan',1,'9380157846','','','','',1),(461,'Rajesh Chandrasekaran','Rajesh Chandrasekaran',1,'98401 85805','22352541','','','',1),(462,'Ramesh Contractor','Ramesh Contractor',1,'98407 45997','24993572/24662493','','','',1),(463,'Rajashekar','Rajashekar',1,'98400 48644','2346693/7051','26253525','','',1),(464,'Rane Systems P L','Ravi',1,'','24994390/24986255','24987313/24461138','','',1),(465,'Reliable Enterprises','Hashmukh Jain',1,'98402 78944','25362448/25364916','','','',1),(466,'Rahul Saxena','Rahul Saxena',1,'98400 56855','24453896','','','',1),(467,'Ram & Ram','Ram & Ram',1,'','24742724','','','',1),(468,'Dr.Ramamurthy','Dr.Ramamurthy',1,'','24996596','','','',1),(469,'RS & Co','Subramaniam',1,'','24992261','','','',1),(470,'Raj Video Vision','Rajarathnam',1,'','2820564/0575','','','',1),(471,'Microsoft ','Rajameesh',1,'98450 76703','','','','',1),(472,'Rajan Canada','Rajan Canada',1,'1416 3465315','1905 5070910','22201015  Chennai','','',1),(473,'Ravindran Erode','Ravindran Erode',1,'98427 97957','0424 253151','','','',1),(474,'Rajesh Kamat ','Rajesh Kamat ',1,'98441 14797','','','','',1),(475,'R V Electricals ','Mohan',1,'98410 85211','24733062/24881770','','','',1),(476,'Ramesh Muthramalingam','Ramesh Muthramalingam',1,'98430 18651','2371345 /2210468','','','',1),(477,'Raja Prasad (Tharumaraajan Malaysia)','Raja Prasad',1,'98410 97125','','','','',1),(478,'RK IT Solutions','Ravi Kiran',1,'98410 41026','42178302/30916719','','','',1),(479,'Ranil De Silva','Ranil De Silva',1,'7777 44887','009411 2372087','','','',1),(480,'Ram Singh','Ram Singh',1,'','56141756','','','',1),(481,'Raghavan (Carlson & Wagon)','Raghavan',1,'','24313361-65','32913309','','',1),(482,'Ralph Woessner','Ralph Woessner',1,'98841 29505','','','','',1),(483,'Radika Nair','Radika Nair',1,'','0495-3090257','','','',1),(484,'Rich Cafe','Rich Cafe',1,'','26269122/9393','','','',1),(485,'Dr.Rajagopal','Dr.Rajagopal',1,'','24996009','24643793','','',1),(486,'R R Industries','Prabhu',1,'9840 22093 / 98410 26660-Prem','22346693/22333205','','','',1),(487,'Arvind Glass','Ram Sri Ram',1,'98415 76444','512 6332897','','','',1),(488,'Ramaa Ganapathy','Ramaa Ganapathy',1,'94443 77063','','','','',1),(489,'Reliance','Reliance',1,'','28272041/44','30332400','','',1),(490,'Ramesh ESELF','Ramesh',1,'9381101112/9381848485','001 650 5769800','','','',1),(491,'R.A.Enterprises','Ramesh',1,'98840 24827 / 9382781194-Ganesh','9884499501/502','','','',1),(492,'Rex Fashions','Grish',1,'98840 41163','24995761/1049/1041/24662099','','','',1),(493,'Rathna N/W','Suresh',1,'98409 44331','23724504/24722713','','','',1),(494,'Royal Sundaram','Satish',1,'94444 48899','42144469/42138811','','','',1),(495,'Rane Holdings Ltd','Rane Holdings Ltd',1,'','24987495/24994409','','','',1),(496,'Sai Baba Network Printer','Yuvaraj',1,'99400 35692/93/94','24363135/36','','','',1),(497,'SBA Computers','Hariharan',1,'9282115010','24897598','','','',1),(498,'Shrimsoft P L','Murali',1,'98405 91748','42060820','','','',1),(499,'Srishti Consultancy','Narayanan',1,'9282330112/ 9381001335-Ramkumar','39181000','','','',1),(500,'Subway-Hotel','Subway-Hotel',1,'','28111177','','','',1),(501,'S.R.Water ','S.R.Water',1,'','42139942','','','',7),(502,'Student Xerox','Student Xerox Guindy',1,'','43534884','','','',1),(503,'Spencer Shopping Complex','Spencer Shopping Complex',1,'','28491001/02/03','','','',1),(504,'Srivari Tech','Sampath Kumar',1,'98409 71697','','','','',1),(505,'Samsung India Electronics','Samsung India Electronics',1,'','66545500','30308282','','',1),(506,'Sri Bala Travels','Baskar',1,'98417 94439','45361202','','','',5),(507,'Srinivasan ','Srinivasan ',1,'99401 95337','26152345','','','',1),(508,'Scope E Knowledge Centre P L','Vijayalakshmi',1,'98840 51683','24314201/202','','','',1),(509,'Systech Solutions','Sudha Gopal',1,'','24313751/52/53/54','','','',1),(510,'Sports Mechnanics ','Dhananjai',1,'98402 83746//Shankar98400 79245','24419549/28513322 / 97898997808-Ravishankar','','','',1),(511,'SBI Guindy','Krishnan',1,'94444 022337','22501703/1281/0285','','','',1),(512,'C.Sitaraman & Company','C.Sitaraman & Company',1,'','28112990/28111516','','','',1),(513,'Sankara College','Gowri Shankar',2,'9448272144','080 28601698/086 265250123','','','',1),(514,'Stamper ','Kannappan',1,'9382328498','30997099','','','',1),(515,'Sterling Resorts','Sterling Resorts',1,'','24816644 / 2416662/26712','','','',1),(516,'Sony World','Tamil ',1,'98416 66095','28151117/1118','','','',1),(517,'Shyam Sundar','Shyam Sundar',1,'98400 99832','42200100','','','',1),(518,'Sahasra Solutions','Vasan/Shankar',1,'98408 72283/ 98408 82964','','','','',1),(519,'Scandent Solutions','Scandent Solutions',1,'98410 53346','42118090 extn: 826','','','',1),(520,'Shanmuga Graphics','Shanmuga Graphics',1,'98401 63825','24801910','','','',1),(521,'Shankar Sealing System','Jaishankar',1,'98410 28935','26268935/26220644','','','',1),(522,'Seetha Printers','Ramdhas',1,'','24356050/8826','','','',1),(523,'Share Corp Inc','Nandhini/Srinivasan',1,'98400 40014','24662463/64/24997199/7759','42107180','','',1),(524,'N.Sridhar Partner of pattabiram','Sridhar',1,'98400 88294','24988294','','','',1),(525,'Soft Solutions','Vijay',1,'','2252887','','','',1),(526,'Suji Fabricators','Suji Fabricators',1,'','28251445','','','',1),(527,'S.N.Srikanth','S.N.Srikanth',1,'94440 24770','24417863','2440 4060','','',1),(528,'Simos Peripherals','Simos Peripherals',1,'','24350791/4384','','','',1),(529,'Sudhakar Artist','Sudhakar Artist',1,'','26190095','','','',1),(530,'Soundari Power Systems','Soundari Power Systems',1,'','4512230/7020/6999','','','',1),(531,'Scanwell Freight Express','Anita/Ramesh',1,'','2432 0008/0065','','','',1),(532,'Sundaresh','Sundaresh',1,'98499 74886','24996097/28158349','','','',1),(533,'SBI','Swaminathan',1,'','4262334','','','',1),(534,'Sonny Carpets','Sanjeev',1,'','24996528/24670019','','','',1),(535,'Seshi Computers','Sharma',1,'98400 72941/ 9840072580-Sreenivas','28229047/42182194','','','',1),(536,'Swaminathan TB & Chandrasekhar','Swaminathan TB & Chandrasekhar',1,'','4343172/4331160','','','',1),(537,'Suri','Suri',1,'','26264153','','','',1),(538,'Sri Venkateswara College of Eng','Badrinathan',1,'','04111 362321/352/462/956','','','',1),(539,'Soft Tools','Anuja',1,'','00971 4 2680533','','','',1),(540,'Sri Bhagwan Asso','Sridhar',1,'98410 47548','24419220','','','',1),(541,'SRM Engg College','Kingsley',1,'','954114 452270','','','',1),(542,'Swami Rajagopalan','Swami Rajagopalan',1,'98400 83670','','','','',1),(543,'Sangeetha Restaurant','Sangeetha Restaurant',1,'','2234 3227 / 22334565/6484','','','',1),(544,'Systemathics','Subramanian',1,'','022 25281694','022 4093255','','',1),(545,'Saravana Bhavan','Saravana Bhavan',1,'','28115977/0655/24890066/2466-Ashok Nagar','23455570/5577-K K Nagar','','',1),(546,'Syeda Beedi','Syeda Beedi',1,'98431 11007','','','','',1),(547,'Sudhakar','Sudhakar',1,'9058900076','','','','',1),(548,'Sathyam Cinemas','Sathyam Cinemas',1,'96102 96102','28524 875/ 2818444','42244224','','',1),(549,'Senthil Kumar','Senthil Kumar',1,'04546 244279','','','','',1),(550,'Sterling Infotech','Mari P',1,'','24313056/2001','24313059','','',1),(551,'Dr.Sundarajan','Dr.Sundarajan',1,'','28474491','','','',1),(552,'Dr.Sundaram','Dr.Sundaram',1,'9884403717','28474491','','','',1),(553,'Saabari Gp pf Companies','Prabhakar',1,'98840 61057','','','','',1),(554,'Dr.Suriya','Dr.Suriya',1,'98410 90510','','','','',1),(555,'Satish Murti','Satish Murti',1,'','0484 2381521/2361010/3361010','','','',1),(556,'Shaji ITS Maximo','Shaji ITS Maximo',1,'9323782146/ 98922 65502-Shyam','022 56949081/80','','','',1),(557,'Srinath Jagannathan','Srinath Jagannathan',1,'98400 84570','24315310','','','',1),(558,'Sujja Exports','Rao',1,'','5555548','5551849','','',1),(559,'Satish ','Satish ',1,'98400 90482','','','','',1),(560,'Shree Muthai','Shree Muthai',1,'','42145566','','','',1),(561,'Sajani ','Sajani ',1,'98101 67803','011 24356145','','','',1),(562,'Senthil Kumar','Senthil Kumar',1,'98842 47861','','','','',1),(563,'SCV Cable','SCV Cable',1,'','28179191','','','',1),(564,'S.R.Water ','Gopal',1,'99400 99235','42022525 / Cus.id-24557','','','',1),(565,'Sowjaniya','Sowjaniya\r\n',1,'','24995479','','','',1),(566,'Soori','Soori',1,'','26264153','','','',1),(567,'Shankar Narayanan','Shankar Narayanan',1,'','24990614/24997674','','','',1),(568,'Shelva Marketing','Shelva Marketing',1,'','24845059/24815243','','','',1),(569,'Sankaran','Sankaran',1,'','24463710','','','',1),(570,'Saiseshan','Saiseshan',1,'98410 40985','24616331/24616906','4260732','','',1),(571,'Shaji Abraham','Shaji Abraham',1,'','022 34482146/5694 9081/80/82','','','',1),(572,'Sushant Duivedi','Sushant Duivedi',1,'9899110920','01245158211','','','',1),(573,'Saravanan','Saravanan',1,'98850 99000','','','','',1),(574,'Swarna Constructions','Swarnam',1,'','24981954/55','','','',1),(575,'Spanco Innovative Technologies','Spanco Innovative Technologies',1,'','24329871/24329653/24335772','','','',1),(576,'Suriya Sweets','Suriya Sweets',1,'','24361491/24310679','','','',1),(577,'Sri Parvathi Travels','Sivasubramaniyam',1,'9444452986','28221138/28229938/32991138','','','',1),(578,'SIPCOT','SIPCOT',1,'','28554787/4625/4623','','','',1),(579,'Sumanath Florist','Srinivasan',1,'','28110101/28271294','','','',1),(580,'Sukanya Shivakumar','Sukanya Shivakumar',1,'9820439553/9833400230','022 27705791','','','',1),(581,'Sri Ayyanar Transport','Sri Ayyanar Transport',1,'','24992476/4064 /24670370','','','',1),(582,'Space2let.com','Santosh',1,'','080 41253901/02/03/04','','','',1),(583,'Supreme Bakery','Senthil',1,'98404 14514','42186617','','','',1),(584,'Sharada','Sharada',1,'','24912749','42186617','','',1),(585,'Scientific Advance','Viswanath',1,'','24990134','','','',1),(586,'Sigma Travels','Srikanth',1,'','24364505/4974/75/ 4584','','','',1),(587,'Shree Ram Electricals','Shashidhharan',1,'','28529856/28592841','','','',1),(588,'Saravanan','Saravanan',1,'','22484985','','','',1),(589,'Sumeru Software','Varadharajan',1,'98410 35998','24359381/ 2432 9445/46/47','','','',1),(590,'STPI Chennai','STPI Chennai',1,'','39103505/39103525/3392/3506/3525','','','',1),(591,'Sekhar Electricain','Sekhar Electricain',1,'98411 43459/98410 18922','','','','',1),(592,'Saravanan','Saravanan',1,'','954112-222296','','','',1),(593,'Supreme Computers','Supreme Computers',1,'','28548531','','','',1),(594,'Santham Books Krishnan','Santham Books Krishnan',1,'','24354622/55 / 24933832','','','',1),(595,'Silaram Agencies','Silaram Agencies\r\n',1,'','2811 1516/7069','','','',1),(596,'Sagar Agencies','Lakshmi Ramalingam',1,'','24913947/7038','4415578','','',1),(597,'Swaminathan ','Swaminathan',1,'','24915423','','','',1),(598,'Srikanth PS','Srikanth PS',1,'','28227299/28280506','4352268/7382','','',1),(599,'Sumero Software','Sumero Software',1,'','24329446/2432 9447','','','',1),(600,'Chennai Sofa Facory','Sonny ',1,'9282102730','24942912/1082','24616231','','',1),(601,'Sun Printers','Sun Printers',1,'','24851865','','','',1),(602,'Siems Info','Siems Info',1,'','28334316/28334350','','','',1),(603,'SAP ','Satabachorsh',1,'9844332553','','','','',1),(604,'Travel Professional','Umesh Rao',1,'','28265710/28211267','28275481/28238283','','',1),(605,'Toppan India','Murali',1,'','28418646/47','','','',1),(606,'The New India Assurance','Manoharan',1,'','25386251/6887','','','',1),(607,'Trust Marketing','Trust Marketing',1,'','43911111','','','',1),(608,'Times Bank','Krishnan',1,'','28234831-35','6347788/6348929-Pune','','',1),(609,'T.T.Services','T.T.Services',1,'','2841 4020/6480','28413698','','',1),(610,'TVS Printer','Sharmi',1,'9622012012','','','','',1),(611,'Techlink Inc','Techlink Inc',1,'','701 2883275/3273','','','',1),(612,'Thermo Lab System','Srinivasan',1,'98200 37736','022 277811101/1102/1103','','','',1),(613,'Techno Systems','Feroz',1,'','24843917/ 022 56943394/56916160-Vinod','24817191','','',1),(614,'Travel Excess ','Sethumadhavan',1,'','954114 43260/43360','','','',1),(615,'Tovya Automation','Lakshmi',1,'','26281970','','','',1),(616,'TI Tubes India','Dhanasekhar',1,'','26390194/504','26390471','','',1),(617,'Trax Media ','Tharum',1,'006012 2117720','00608 80240326/ 327','','','',1),(618,'Thesys','Saravanan',1,'984005748','22316713','','','',1),(619,'TV Real Estates','Jagananthan',1,'','28266142/28276248','','','',1),(620,'Trinity Aarte Care','Jayachandran',1,'','24671166/24671188/24990880/1488','24991488/80','','',1),(621,'Temple Bay','Temple Bay',1,'','4114 243636/3838','55500000/55','','',1),(622,'Temple Bay','Temple Bay',1,'','4114 243636/3838','55500000/55','','',1),(623,'Tekstrom Infotech P L','Ravi',1,'09886158837','080 25633616','','','',1),(624,'TDS Consultant','TDS Consultant',1,'','28150891','','','',1),(625,'Technosoft Information Tech','Technosoft Information Tech',1,'','022 266943394','','','',1),(626,'Techsoft Solutions','Feroz',1,'99402 66444','43565467/43565431','','','',1),(627,'Total Presentation Devices P Ltd','Total Presentation Devices P Ltd',1,'','26535180/85','41759800','','',1),(628,'Turic Software ','Arun',1,'99944 31636','','','','',1),(629,'Thulasiraman LIC','Thulasiraman LIC',1,'98410 92258','2475 4823','','','',1),(630,'Tekstrom Infotech P L','Karthick',1,'98864 97683 / 9342507676-Ravi','','','','',1),(631,'Tejas Brainware System P L','Chandrasekhar',1,'98415 82933','249993311','42108309','','',1),(632,'T.S.Venkatakrishnan','T.S.Venkatakrishnan',1,'9342509048','080 26760672','','','',1),(633,'TVS Sundaram Motors','TVS Sundaram Motors',1,'99401 20009','28579223/222/232/228','','','',1),(634,'Toronto Apartment','Onsite Building Manager',1,'','14163222198','','','',1),(635,'Tata Teleservices','Suresh',1,'9282109720','','','','',1),(636,'A to Z IPR Services ','Raghavendra Poojary – Branch Head',1,'98403 26453','26640764','','','',9),(637,'Amazon Catering Services','Vetrivel',1,'9791071875','','','','',1),(638,'USAM','Deva',1,'','24981647/ 24671058 /24982173','','','',1),(639,'Ungal Info','Kripa',1,'','24455224/24962282/24965700','','','',1),(640,'Unimech Engineer ','Sumesh Kathri',1,'28341535/28340363/28342740','28342876','','','',1),(641,'UPS ','UPS',1,'','022 6850202','','','',1),(642,'United Visa Services','Kannan',1,'','28526176/73','','','',1),(643,'Universal Communication','Jeyavel',1,'98407 93771','24988899//24661105','','','',1),(644,'US Software','US Software',1,'98407 85100','4270000','','','',1),(645,'Union Dell Group','Ashwin',1,'98201 28494','022 56916500/56682072','022 56682070','','',1),(646,'Updater Services','Updater Services',1,'','24961565/24960333','','','',1),(647,'US Tech','Sundari',1,'','42270000/43992000','43992480','','',1),(648,'Usha Srinivasan','Usha Srinivasan',1,'98410 14514','','','','',1),(649,'Venkatesh B B','Venkatesh B B',1,'99401 40407','45870303/56106191','24992950','','',1),(650,'Vasavi Balai','Vasavi Balai',1,'','24352397/24363395','','','',1),(651,'Versatile Infotech','Versatile Infotech',1,'','24315800/01','','','',1),(652,'Venkatesan ','Venkatesan  HDFC Br.Manager',1,'','26287412','','','',1),(653,'Vije & Company','Vije & Company',1,'','28523237/28523688','','','',1),(654,'Vijay Pani','Vijay Pani',1,'98410 26618','28520716/24462594','','','',1),(655,'Venkatesh VMV','Venkatesh VMV',1,'','3762313/26289150','','','',1),(656,'Viswanathan Craftman Engineering','Viswanathan Craftman Engineering',1,'98430 77744','0422 549117/543076/450346','','','',1),(657,'Venkatesh ','Venkatesh',1,'','24336579/5881','28241970','','',1),(658,'Vandana Gopikumar -Banyan','Vandana Gopikumar',1,'98400 27893','','','','',1),(659,'Vaishnavi Jaykumar-Banyan','Vaishnavi Jaykumar',1,'98400 82793','','','','',1),(660,'Vellodi','Vellodi',1,'','28270763','','','',1),(661,'Venkatesh ','Venkatesh',1,'','28241970 extn 168','','','',1),(662,'Vidya Mandir ','Vidya Mandir ',1,'','24980834/22301810','','','',1),(663,'Vinod Kumaar','Vinod Kumaar',1,'98841 22588','2348306','','','',1),(664,'Vyosoft BG Technologies','S.Mohan',1,'98422 59706','0422 597060','','','',1),(665,'Vasudevan & Associates','Vasudevan & Associates',1,'','4225096','','','',1),(666,'Vijayalakshmi','Vijayalakshmi',1,'','28520957','2440480/2431085','','',1),(667,'Vinod Kumar','Vinod Kumar',1,'','24402676','','','',1),(668,'VSNL ','Malathi',1,'','25366740/25366073','','','',1),(669,'Veeras Infotech','Murali',1,'9940666402','4221000','','','',1),(670,'Visa Professionals','Umesh',1,'98400 98345','28211267/28265710','','','',1),(671,'Visteon','Srinath Jayaram',1,'','28205399/66','28334300','','',1),(672,'Vispark Solutions Coimbatore','Devarajan',1,'','0422 2646960-65','0422 2644323','','',1),(673,'Visions India','Shankar',1,'98400 99170','','','','',1),(674,'Vijay Home Appliances','Subramaniam',1,'','42108622/33/44','','','',1),(675,'Vyapin software ','Gautam ',1,'98410 31895','26150417/1418','','','',1),(676,'Vohra Consultancy','Vohra',1,'98400 44211','24620963/24322378/24358419','','','',1),(677,'Advent Net Develop Centre','Varadharaju',1,'','22435321-28','','','',1),(678,'Vidyarambam Trust','Ranganathan',1,'94440 18590','42184308','24465590','','',1),(679,'Vinod Pathangay','Vinod Pathangay',1,'98401 25507','','','','',1),(680,'Dr.Vasanth','Dr.Vasanth',1,'','24741955/24743512','','','',1),(681,'VFS UK','VFS UK',1,'','080 40084008','','','',1),(682,'VFS US','VFS US',1,'','42316767','','','',1),(683,'VFS CANADA','VFS CANADA',1,'','32957730','','','',1),(684,'VFS DUBAI','VFS DUBAI',1,'','42024887','','','',1),(685,'Dr.Venkat Srinivasan','Dr.Venkat Srinivasan',1,'001210 7238418','001210 4936926','','','',1),(686,'Virtusa India Pvt Ltd','Virtusa India Pvt Ltd',1,'','42002700','','','',1),(687,'Veeras Infotech','Narasimhalu',1,'98407 91680','28144789/86','','','',1),(688,'Vellara Tours & Travels','Vellara Tours & Travels',1,'','080 25635416/55358767','','','',1),(689,'Veekay Agencies','Neema',1,'98403 77727','42067961','','','',1),(690,'VKC Credits & Forex Services','Rajkumar',1,'9383099345','24672157/58','24992309','','',1),(691,'SLV Engineers ','N.S.Viswanathan',1,'','0422 2457631','','','',1),(692,'Voltas','Magesh',1,'9282301909','66760300/01','18004254555','','',1),(693,'Vijaya Book House ','Vijaya Book House ',1,'','24640007','','','',1),(694,'Varalakshmi Catering','Varalakshmi',1,'','23766747','','','',1),(695,'Vidhya Padmanabhan','Vidhya Padmanabhan',1,'099250 11373','079695129998','','','',1),(696,'Webulagam.Com','Aravindan',1,'98410 91118','28204780','','','',1),(697,'WVI','Madanraj',1,'98408 89343','28268293','','','',1),(698,'Wipro Technologies ','Sethumadhavan',1,'','080 51195994/8520408 extn:5994','','','',1),(699,'Webex Communications India Pvt Ltd','Balaji',1,'94448 73148','282004400/28310701/080 22286377','080 22286443','','',19),(700,'WP Publisher','Balraj',1,'','24328326/27/080 5255188/5273207','','','',1),(701,'WVI','Shanthi',1,'98841 24175 / Earow 98402 44993','24807107/24847484/24807000','','','',1),(702,'Wheitstone Productions','Wheitstone Productions',1,'98410 70273','4452227/2228','','','',1),(703,'Welcare Services','Venkat',1,'9094116181','25921381','','','',1),(704,'Yoganandh & Ram ','Manoj',1,'99401 56515 /Karuna-9789057067/Gowri 9940156517','22550077/22432030','','','',1),(705,'YSI','Pattabiram',1,'98401 50054 /Arumugam-9840159979/Ravi 9940056512','','','','',1),(706,'Yash Technologies','Vinod',1,'9393012422','45330450/51','','','',1),(707,'Yoganandh & Ram ','Sridhar',1,'','24988294/42088294','','','',1),(708,'EBPX Telephone','Balu',1,'94448 88134','','','','',4),(709,'RR Industries','Prem',1,'9841046693','22501776/0693/0051','','','',1),(710,'STPI Bangalore','Rajalakshmi',1,'9880330359','080 66186000','','','',1),(711,'Arvind Subramaniam','Arvind Subramaniam',1,'98400 37677','2534 0204','','','',1),(712,'Nirmala Krishna Kumar','Nirmala Krishna Kumar',1,'','00612 6242 7335','','','',1),(713,'Express by Holiday Inn Brussels Airport','Yovana Mourghen',1,'','0032 2 725 33 80','0032 2 725 38 10','','',1),(714,'Axis Bank Ltd','Jayanthi Krishnan-Relationship Manager - Priority Banking',1,'98410 08961','22431837/1841','','','',1),(715,'HERITAGE MANAGEMENT SERVICES SDN. BHD','JEFFREYTAY',1,'','603 8947 9988','603 8945 8528','','',1),(716,'SriLankan Airlines ','Jeyanthan Sundaralingam',1,'','416 227 9000','416 227 0843','','',1),(717,'Kingfisher Airlines','Garima Mehra',1,'9381437614','','','','',1),(718,'Axis Bank Ltd','Neelakandan P ',1,'9840378646 ','','','','',3),(719,'Prudent Insurance Brokers Pvt. Ltd.','V.Pushparaj',1,'99412 44103','3021 8719, 8733','4265 8281','','',1),(720,'Prudent Insurance Brokers Pvt. Ltd.','E.V.Ramanathan',1,'98416 97617','3021 8750 /3021 8733/8722','4265 8281','','',1),(721,'Prudent Insurance Brokers Pvt. Ltd.','Remya.S',1,'95510 76364',' 4291 1321  ','','','',1),(722,'Ideal Group of Resorts  ','Christopher',1,'','2449 5161 to 64','','','',6),(723,'Ginger Hotels Pune','Minal Kalel',1,'','2066333333','20663333336','','',1),(724,'British Deputy High Commission','Sukanya Ramanujan ',1,'','42192151/ 2174 (D)','42192321','','',1),(725,'VENKATESH & CO.,','CA Vaira Mutthu K',1,'94449 24391','28144763/64/65/66','','','',1),(726,'Canon India Pvt Ltd','Vinu.V',1,'9841401203','28241951-59 - Extn-116 ','','','',1),(727,'JPR USA','Teresa (Terry) Benjamin',1,'','650-559-5999, Ext. 103','650-559-5980','','',1),(728,'Prudent Insurance Brokers Pvt. Ltd.','Meenakshi Menon',1,'98412 00617','4291 1322/1333/1399  ','','','',1),(729,'Hotel Le Royal Meridien','Hotel Le Royal Meridien',1,'','22314343/43534545','','','',6),(730,'Hotel Park Sheraton','Hotel Park Sheraton',1,'','24994101','','','',6),(731,'Hotel Lemon Tree','Hotel Lemon Tree',1,'','44232323','','','',6),(732,'Hotel The Trident','Hotel The Trident',1,'','22344747','','','',6),(733,'Hotel Radission','Hotel Radission',1,'','22310101','','','',6),(734,'Adyar Times','Adyar Times',1,'','24913602','','','',1),(735,'Tata Sky','Tata Sky ',1,'','18604256633 (ID 1037391875)','','','',1),(736,'Gupta & Sons','Hemalatha',1,'09311687077','','','','',1),(737,'Apollo Service Apartment ','Apollo Service Apartment ',1,'','45588440','','','',1),(738,'Kings Service Apartment ','Kings Service Apartment ',1,'','42112629','','','',1),(739,'Lotus Service Apartment ','Lotus Service Apartment ',1,'','28157272','','','',1),(740,'Star City Service Apartment ','Star City Service Apartment ',1,'','28155050','','','',1),(741,'Malles Manotaa Service Apartment ','Malles Manotaa Service Apartment ',1,'','45502025/26/27','','','',1),(742,'Blossoms Service Apartment ','Blossoms Service Apartment ',1,'','45506070/72/73','','','',1),(743,'Guindy Service Apartment ','Mrs.Chandru',1,'98403 91894','','','','',1),(744,'NPL\'s Nest Service Apartment','NPL\'s Nest Service Apartment',1,'','24424793/24422128','','','',1),(745,'Lions Blood Bank','Chandrasekhar',1,'9941917503','28414949/4959','','chandrasekarv15@yahoo.com','',1),(746,'HR India','Joy Koruthu',1,'98401 83247','80-411 34759','','','',12),(747,'Everest Consulting Group of India pvt Limited','Saravanan.R.G.',1,'9965398926','43928200 Ext-8208,Direct No:- 044 43928208','28478604','saravanang@everestconsulting.net','',12),(748,'Infycareer Pvt. Ltd','Viswanathan A',1,'9566111877  ','64555352','42110090','viswaarumugam@infycareer.com','',12),(749,'AVTAR CAREER CREATORS','Veena',1,'9840078866','28131892/ 893 /894','','','',12),(750,'NICCO VENTURES LIMITED','Archana Dubey',1,'9007414066 ','91 33 66285073 ','','kaushik@niccoventures.com','',12),(751,'Spearhead InterSearch','Amita Mehta',1,'9886869059','91 80 25527710  / 25527542','','amita@spearhead.co.in','',12),(752,'Kinnair and Company','Miss Mai Mak',1,'','+44 (0) 191 2867777','++44 (0)191 286 8888','mai-mak@kinnair.co.uk','',1),(753,'Kumaran Systems Pvt Ltd','Mohan Kumar Subramanyam',1,'98412 98911','42273100','2254 0179','info@kumaran.com','http://www.kumaran.com',1),(754,'Marg Ltd','G.V. K. Reddy, Marg',1,'','45623000','','','',1),(755,'INFY Career Private Ltd','Mr. Chandrasekharan ',1,'9841271152','','','','',12),(756,'Mrs. and Mr. S. Tendulkar       ','Mrs. and Mr. S. Tendulkar       ',1,'','','','','',1),(757,'S. Balasubramaniam','S. Balasubramaniam',1,'24671030','24671030','','','',1),(758,'P.W.C. Davidar IAS','P.W.C. Davidar IAS',1,'65512330','65512330','','','',1),(759,'SportsMechanics India Pvt Ltd ','S. Ramakrishnan',1,'98400 39170  ','2446 3342  ','','','',1),(760,'Nissan Motor Company Ltd          ','Tomosaburo Okabe   ',1,'Ph: +81 50 2029 1172','','','','',1),(761,'Dr. K. A. Padmanabhan','Dr. K. A. Padmanabhan',1,'8008777664 ','','','','',1),(762,'Fintech ','P.V.Jaishankar',1,'99401 82259','99401 82259','','','',12),(763,'Dr. V. Raghunathan                     ','Dr. V. Raghunathan                     ',1,'','','','','',1),(764,'Alpha Office Solutions','Nilesh',1,'','28290750/28290745','','','',16),(765,'UNIMECH SYSTEMS (CHENNAI) PVT LTD','K. KARTHIKEYAN',1,'96000 82092','044 26610679','044 26610669','unimech_hvac@yahoo.co.in','http://www.unimechsystem.com/',1),(766,'RBS ','Nitin',1,'99620 62602','','','','',3),(767,'RR 4 ','Prabhu',1,'98410 22093','','','','',1),(768,'RR 4','Muthukumar',1,'98410 32240','','','','',1),(769,'Axis Bank Ltd','Sheik Mohammad -SALARY AC',1,'98411 06169','288888314','','','',3),(770,'Axis Bank Ltd','Prasad - Forex ',1,'99400 20165','2830 8612','24355033','','',3),(771,'Abhilash Service -Housekeeping services','Ankaiah ',1,'9283184916','25921381','','','',15),(772,'Axis Bank Ltd','Kanthimathi -Relationship Manager',1,'9380977753','','','kanthimathi.venkat@axisbank.com','',11),(773,'Kinnair and Company','Colin Mak',1,'','44 (0)191 286 7777','','','',1),(774,'IIT Madras Research Park','Sandhya Shekhar ',1,'','+91-44-6646 9800','','','',1),(775,'AXIS Bank','Susheel Kumar',1,'8220015043','22550330/440','','','',3),(776,'AXIS Bank','Sukanya ',1,'','282 88915','','','',3),(777,'Axis Bank Ltd ','Balaji.B-Retail Forex & Remittances ',1,'9865510187','28888338','','','',3),(778,'AXIS Bank','Daisy Bayan-Salary A/C',1,'9884165222','','','','',3),(779,'AXIS Bank','N Sheikh Mohammed',1,'9841106169 ','','','','',3),(780,'AXIS Bank','G Purushothaman',1,'9176928288','','','','',3),(781,'ISS SDB Security Services  Pvt. Ltd.','M.Giridharan',1,'9940094369','24353808','','','',1),(782,'Quadrasystems.net (India) Private Limited  ','Sushma Krishna',1,'98409 – 01994','','','','',1),(783,'ID Tag Systems','Ajith /Neema',1,'9444 386541','','','','',1),(784,'Transcorp International Ltd. ','Mohan',1,'9600095455 ','28585911, 28521501','','','',14),(785,'Transcorp International Ltd. ','Mohan',1,'9600095455 /9381780113','28585911, 28521501','','','',14),(786,'Keerthi Communication Systems (Mathangi Enterprises)','Senthilvel',1,'9840143065','','','','',4),(787,'Space2Host Web Services Pvt. Ltd','Space2Host Web Services Pvt. Ltd',1,'','2471 0934/','','','',1),(788,'ICICI Bank Ltd','Swarna Gowri. S',1,'','45038625 ','','','',11),(789,'IBM INDIA','VIMAL R ABRAHAM',3,'98407-02672','43952170','','','',1),(790,'Prudent Insurance brokers Limited','Sudha',1,'9710443262','','','sudha.s@prudentbrokers.com','',1),(791,'Indo-American Chamber of Commerce','Sujatha Ravishanker',1,'32977577 ','24310506,24358391','','sujatha@iaccindia.com','',1),(792,'telesis','telesis',1,'','42035589','','','',1),(793,'FIFTH ESTATE',' S N SRIKANTH',1,'','044 42337153','','fifthestate.chennai@gmail.com','',1);
/*!40000 ALTER TABLE `contact_info_contact_info` ENABLE KEYS */;
UNLOCK TABLES;

--
-- Table structure for table `country`
--

DROP TABLE IF EXISTS `country`;
/*!40101 SET @saved_cs_client     = @@character_set_client */;
/*!40101 SET character_set_client = utf8 */;
CREATE TABLE `country` (
  `iso` varchar(2) NOT NULL,
  `name` varchar(128) NOT NULL,
  `printable_name` varchar(128) NOT NULL,
  `iso3` varchar(3) DEFAULT NULL,
  `numcode` smallint(5) unsigned DEFAULT NULL,
  PRIMARY KEY (`iso`)
) ENGINE=MyISAM DEFAULT CHARSET=latin1;
/*!40101 SET character_set_client = @saved_cs_client */;

--
-- Dumping data for table `country`
--

LOCK TABLES `country` WRITE;
/*!40000 ALTER TABLE `country` DISABLE KEYS */;
INSERT INTO `country` VALUES ('AF','AFGHANISTAN','Afghanistan','AFG',4),('AX','ALAND ISLANDS','Åland Islands','ALA',248),('AL','ALBANIA','Albania','ALB',8),('DZ','ALGERIA','Algeria','DZA',12),('AS','AMERICAN SAMOA','American Samoa','ASM',16),('AD','ANDORRA','Andorra','AND',20),('AO','ANGOLA','Angola','AGO',24),('AI','ANGUILLA','Anguilla','AIA',660),('AQ','ANTARCTICA','Antarctica','ATA',10),('AG','ANTIGUA AND BARBUDA','Antigua and Barbuda','ATG',28),('AR','ARGENTINA','Argentina','ARG',32),('AM','ARMENIA','Armenia','ARM',51),('AW','ARUBA','Aruba','ABW',533),('AU','AUSTRALIA','Australia','AUS',36),('AT','AUSTRIA','Austria','AUT',40),('AZ','AZERBAIJAN','Azerbaijan','AZE',31),('BS','BAHAMAS','Bahamas','BHS',44),('BH','BAHRAIN','Bahrain','BHR',48),('BD','BANGLADESH','Bangladesh','BGD',50),('BB','BARBADOS','Barbados','BRB',52),('BY','BELARUS','Belarus','BLR',112),('BE','BELGIUM','Belgium','BEL',56),('BZ','BELIZE','Belize','BLZ',84),('BJ','BENIN','Benin','BEN',204),('BM','BERMUDA','Bermuda','BMU',60),('BT','BHUTAN','Bhutan','BTN',64),('BO','BOLIVIA','Bolivia','BOL',68),('BA','BOSNIA AND HERZEGOVINA','Bosnia and Herzegovina','BIH',70),('BW','BOTSWANA','Botswana','BWA',72),('BV','BOUVET ISLAND','Bouvet Island','BVT',74),('BR','BRAZIL','Brazil','BRA',76),('IO','BRITISH INDIAN OCEAN TERRITORY','British Indian Ocean Territory','IOT',86),('BN','BRUNEI DARUSSALAM','Brunei Darussalam','BRN',96),('BG','BULGARIA','Bulgaria','BGR',100),('BF','BURKINA FASO','Burkina Faso','BFA',854),('BI','BURUNDI','Burundi','BDI',108),('KH','CAMBODIA','Cambodia','KHM',116),('CM','CAMEROON','Cameroon','CMR',120),('CA','CANADA','Canada','CAN',124),('CV','CAPE VERDE','Cape Verde','CPV',132),('KY','CAYMAN ISLANDS','Cayman Islands','CYM',136),('CF','CENTRAL AFRICAN REPUBLIC','Central African Republic','CAF',140),('TD','CHAD','Chad','TCD',148),('CL','CHILE','Chile','CHL',152),('CN','CHINA','China','CHN',156),('CX','CHRISTMAS ISLAND','Christmas Island','CXR',162),('CC','COCOS (KEELING) ISLANDS','Cocos (Keeling) Islands','CCK',166),('CO','COLOMBIA','Colombia','COL',170),('KM','COMOROS','Comoros','COM',174),('CG','CONGO','Congo','COG',178),('CD','CONGO, THE DEMOCRATIC REPUBLIC OF THE','Democratic Republic of the Congo','COD',180),('CK','COOK ISLANDS','Cook Islands','COK',184),('CR','COSTA RICA','Costa Rica','CRI',188),('CI','COTE D\'IVOIRE','Côte d\'Ivoire','CIV',384),('HR','CROATIA','Croatia','HRV',191),('CU','CUBA','Cuba','CUB',192),('CY','CYPRUS','Cyprus','CYP',196),('CZ','CZECH REPUBLIC','Czech Republic','CZE',203),('DK','DENMARK','Denmark','DNK',208),('DJ','DJIBOUTI','Djibouti','DJI',262),('DM','DOMINICA','Dominica','DMA',212),('DO','DOMINICAN REPUBLIC','Dominican Republic','DOM',214),('EC','ECUADOR','Ecuador','ECU',218),('EG','EGYPT','Egypt','EGY',818),('SV','EL SALVADOR','El Salvador','SLV',222),('GQ','EQUATORIAL GUINEA','Equatorial Guinea','GNQ',226),('ER','ERITREA','Eritrea','ERI',232),('EE','ESTONIA','Estonia','EST',233),('ET','ETHIOPIA','Ethiopia','ETH',231),('FK','FALKLAND ISLANDS (MALVINAS)','Falkland Islands (Malvinas)','FLK',238),('FO','FAROE ISLANDS','Faeroe Islands','FRO',234),('FJ','FIJI','Fiji','FJI',242),('FI','FINLAND','Finland','FIN',246),('FR','FRANCE','France','FRA',250),('GF','FRENCH GUIANA','French Guiana','GUF',254),('PF','FRENCH POLYNESIA','French Polynesia','PYF',258),('TF','FRENCH SOUTHERN TERRITORIES','French Southern Territories','ATF',260),('GA','GABON','Gabon','GAB',266),('GM','GAMBIA','Gambia','GMB',270),('GE','GEORGIA','Georgia','GEO',268),('DE','GERMANY','Germany','DEU',276),('GH','GHANA','Ghana','GHA',288),('GI','GIBRALTAR','Gibraltar','GIB',292),('GR','GREECE','Greece','GRC',300),('GL','GREENLAND','Greenland','GRL',304),('GD','GRENADA','Grenada','GRD',308),('GP','GUADELOUPE','Guadeloupe','GLP',312),('GU','GUAM','Guam','GUM',316),('GT','GUATEMALA','Guatemala','GTM',320),('GG','GUERNSEY','Guernsey','GGY',831),('GN','GUINEA','Guinea','GIN',324),('GW','GUINEA-BISSAU','Guinea-Bissau','GNB',624),('GY','GUYANA','Guyana','GUY',328),('HT','HAITI','Haiti','HTI',332),('HM','HEARD ISLAND AND MCDONALD ISLANDS','Heard Island and Mcdonald Islands','HMD',334),('VA','HOLY SEE (VATICAN CITY STATE)','Holy See','VAT',336),('HN','HONDURAS','Honduras','HND',340),('HK','HONG KONG','Hong Kong Special Administrative Region of China','HKG',344),('HU','HUNGARY','Hungary','HUN',348),('IS','ICELAND','Iceland','ISL',352),('IN','INDIA','India','IND',356),('ID','INDONESIA','Indonesia','IDN',360),('IR','IRAN, ISLAMIC REPUBLIC OF','Iran, Islamic Republic of','IRN',364),('IQ','IRAQ','Iraq','IRQ',368),('IE','IRELAND','Ireland','IRL',372),('IM','ISLE OF MAN','Isle of Man','IMN',833),('IL','ISRAEL','Israel','ISR',376),('IT','ITALY','Italy','ITA',380),('JM','JAMAICA','Jamaica','JAM',388),('JP','JAPAN','Japan','JPN',392),('JE','JERSEY','Jersey','JEY',832),('JO','JORDAN','Jordan','JOR',400),('KZ','KAZAKHSTAN','Kazakhstan','KAZ',398),('KE','KENYA','Kenya','KEN',404),('KI','KIRIBATI','Kiribati','KIR',296),('KP','KOREA, DEMOCRATIC PEOPLE\'S REPUBLIC OF','Democratic People\'s Republic of Korea','PRK',408),('KR','KOREA, REPUBLIC OF','Republic of Korea','KOR',410),('KW','KUWAIT','Kuwait','KWT',414),('KG','KYRGYZSTAN','Kyrgyzstan','KGZ',417),('LA','LAO PEOPLE\'S DEMOCRATIC REPUBLIC','Lao People\'s Democratic Republic','LAO',418),('LV','LATVIA','Latvia','LVA',428),('LB','LEBANON','Lebanon','LBN',422),('LS','LESOTHO','Lesotho','LSO',426),('LR','LIBERIA','Liberia','LBR',430),('LY','LIBYAN ARAB JAMAHIRIYA','Libyan Arab Jamahiriya','LBY',434),('LI','LIECHTENSTEIN','Liechtenstein','LIE',438),('LT','LITHUANIA','Lithuania','LTU',440),('LU','LUXEMBOURG','Luxembourg','LUX',442),('MO','MACAO','Macao Special Administrative Region of China','MAC',446),('MK','MACEDONIA, THE FORMER YUGOSLAV REPUBLIC OF','The former Yugoslav Republic of Macedonia','MKD',807),('MG','MADAGASCAR','Madagascar','MDG',450),('MW','MALAWI','Malawi','MWI',454),('MY','MALAYSIA','Malaysia','MYS',458),('MV','MALDIVES','Maldives','MDV',462),('ML','MALI','Mali','MLI',466),('MT','MALTA','Malta','MLT',470),('MH','MARSHALL ISLANDS','Marshall Islands','MHL',584),('MQ','MARTINIQUE','Martinique','MTQ',474),('MR','MAURITANIA','Mauritania','MRT',478),('MU','MAURITIUS','Mauritius','MUS',480),('YT','MAYOTTE','Mayotte','MYT',175),('MX','MEXICO','Mexico','MEX',484),('FM','MICRONESIA, FEDERATED STATES OF','Micronesia, Federated States of','FSM',583),('MD','MOLDOVA, REPUBLIC OF','Republic of Moldova','MDA',498),('MC','MONACO','Monaco','MCO',492),('MN','MONGOLIA','Mongolia','MNG',496),('ME','MONTENEGRO','Montenegro','MNE',499),('MS','MONTSERRAT','Montserrat','MSR',500),('MA','MOROCCO','Morocco','MAR',504),('MZ','MOZAMBIQUE','Mozambique','MOZ',508),('MM','MYANMAR','Myanmar','MMR',104),('NA','NAMIBIA','Namibia','NAM',516),('NR','NAURU','Nauru','NRU',520),('NP','NEPAL','Nepal','NPL',524),('NL','NETHERLANDS','Netherlands','NLD',528),('AN','NETHERLANDS ANTILLES','Netherlands Antilles','ANT',530),('NC','NEW CALEDONIA','New Caledonia','NCL',540),('NZ','NEW ZEALAND','New Zealand','NZL',554),('NI','NICARAGUA','Nicaragua','NIC',558),('NE','NIGER','Niger','NER',562),('NG','NIGERIA','Nigeria','NGA',566),('NU','NIUE','Niue','NIU',570),('NF','NORFOLK ISLAND','Norfolk Island','NFK',574),('MP','NORTHERN MARIANA ISLANDS','Northern Mariana Islands','MNP',580),('NO','NORWAY','Norway','NOR',578),('OM','OMAN','Oman','OMN',512),('PK','PAKISTAN','Pakistan','PAK',586),('PW','PALAU','Palau','PLW',585),('PS','PALESTINIAN TERRITORY, OCCUPIED','Occupied Palestinian Territory','PSE',275),('PA','PANAMA','Panama','PAN',591),('PG','PAPUA NEW GUINEA','Papua New Guinea','PNG',598),('PY','PARAGUAY','Paraguay','PRY',600),('PE','PERU','Peru','PER',604),('PH','PHILIPPINES','Philippines','PHL',608),('PN','PITCAIRN','Pitcairn','PCN',612),('PL','POLAND','Poland','POL',616),('PT','PORTUGAL','Portugal','PRT',620),('PR','PUERTO RICO','Puerto Rico','PRI',630),('QA','QATAR','Qatar','QAT',634),('RE','REUNION','Réunion','REU',638),('RO','ROMANIA','Romania','ROU',642),('RU','RUSSIAN FEDERATION','Russian Federation','RUS',643),('RW','RWANDA','Rwanda','RWA',646),('SH','SAINT HELENA','Saint Helena','SHN',654),('KN','SAINT KITTS AND NEVIS','Saint Kitts and Nevis','KNA',659),('LC','SAINT LUCIA','Saint Lucia','LCA',662),('PM','SAINT PIERRE AND MIQUELON','Saint Pierre and Miquelon','SPM',666),('VC','SAINT VINCENT AND THE GRENADINES','Saint Vincent and the Grenadines','VCT',670),('WS','SAMOA','Samoa','WSM',882),('SM','SAN MARINO','San Marino','SMR',674),('ST','SAO TOME AND PRINCIPE','Sao Tome and Principe','STP',678),('SA','SAUDI ARABIA','Saudi Arabia','SAU',682),('SN','SENEGAL','Senegal','SEN',686),('RS','SERBIA','Serbia','SRB',688),('SC','SEYCHELLES','Seychelles','SYC',690),('SL','SIERRA LEONE','Sierra Leone','SLE',694),('SG','SINGAPORE','Singapore','SGP',702),('SK','SLOVAKIA','Slovakia','SVK',703),('SI','SLOVENIA','Slovenia','SVN',705),('SB','SOLOMON ISLANDS','Solomon Islands','SLB',90),('SO','SOMALIA','Somalia','SOM',706),('ZA','SOUTH AFRICA','South Africa','ZAF',710),('GS','SOUTH GEORGIA AND THE SOUTH SANDWICH ISLANDS','South Georgia and the South Sandwich Islands','SGS',239),('ES','SPAIN','Spain','ESP',724),('LK','SRI LANKA','Sri Lanka','LKA',144),('SD','SUDAN','Sudan','SDN',736),('SR','SURINAME','Suriname','SUR',740),('SJ','SVALBARD AND JAN MAYEN','Svalbard and Jan Mayen Islands','SJM',744),('SZ','SWAZILAND','Swaziland','SWZ',748),('SE','SWEDEN','Sweden','SWE',752),('CH','SWITZERLAND','Switzerland','CHE',756),('SY','SYRIAN ARAB REPUBLIC','Syrian Arab Republic','SYR',760),('TW','TAIWAN, PROVINCE OF CHINA','Taiwan, Province of China','TWN',158),('TJ','TAJIKISTAN','Tajikistan','TJK',762),('TZ','TANZANIA, UNITED REPUBLIC OF','United Republic of Tanzania','TZA',834),('TH','THAILAND','Thailand','THA',764),('TL','TIMOR-LESTE','Timor-Leste','TLS',626),('TG','TOGO','Togo','TGO',768),('TK','TOKELAU','Tokelau','TKL',772),('TO','TONGA','Tonga','TON',776),('TT','TRINIDAD AND TOBAGO','Trinidad and Tobago','TTO',780),('TN','TUNISIA','Tunisia','TUN',788),('TR','TURKEY','Turkey','TUR',792),('TM','TURKMENISTAN','Turkmenistan','TKM',795),('TC','TURKS AND CAICOS ISLANDS','Turks and Caicos Islands','TCA',796),('TV','TUVALU','Tuvalu','TUV',798),('UG','UGANDA','Uganda','UGA',800),('UA','UKRAINE','Ukraine','UKR',804),('AE','UNITED ARAB EMIRATES','United Arab Emirates','ARE',784),('GB','UNITED KINGDOM','United Kingdom of Great Britain and Northern Ireland','GBR',826),('US','UNITED STATES','United States of America','USA',840),('UM','UNITED STATES MINOR OUTLYING ISLANDS','United States Minor Outlying Islands','UMI',581),('UY','URUGUAY','Uruguay','URY',858),('UZ','UZBEKISTAN','Uzbekistan','UZB',860),('VU','VANUATU','Vanuatu','VUT',548),('VE','VENEZUELA','Venezuela (Bolivarian Republic of)','VEN',862),('VN','VIET NAM','Viet Nam','VNM',704),('VG','VIRGIN ISLANDS, BRITISH','British Virgin Islands','VGB',92),('VI','VIRGIN ISLANDS, U.S.','United States Virgin Islands','VIR',850),('WF','WALLIS AND FUTUNA','Wallis and Futuna Islands','WLF',876),('EH','WESTERN SAHARA','Western Sahara','ESH',732),('YE','YEMEN','Yemen','YEM',887),('ZM','ZAMBIA','Zambia','ZMB',894),('ZW','ZIMBABWE','Zimbabwe','ZWE',716);
/*!40000 ALTER TABLE `country` ENABLE KEYS */;
UNLOCK TABLES;

--
-- Table structure for table `django_admin_log`
--

DROP TABLE IF EXISTS `django_admin_log`;
/*!40101 SET @saved_cs_client     = @@character_set_client */;
/*!40101 SET character_set_client = utf8 */;
CREATE TABLE `django_admin_log` (
  `id` int(11) NOT NULL AUTO_INCREMENT,
  `action_time` datetime NOT NULL,
  `user_id` int(11) NOT NULL,
  `content_type_id` int(11) DEFAULT NULL,
  `object_id` longtext,
  `object_repr` varchar(200) NOT NULL,
  `action_flag` smallint(5) unsigned NOT NULL,
  `change_message` longtext NOT NULL,
  PRIMARY KEY (`id`),
  KEY `django_admin_log_403f60f` (`user_id`),
  KEY `django_admin_log_1bb8f392` (`content_type_id`)
) ENGINE=MyISAM AUTO_INCREMENT=931 DEFAULT CHARSET=latin1;
/*!40101 SET character_set_client = @saved_cs_client */;

--
-- Dumping data for table `django_admin_log`
--

LOCK TABLES `django_admin_log` WRITE;
/*!40000 ALTER TABLE `django_admin_log` DISABLE KEYS */;
INSERT INTO `django_admin_log` VALUES (1,'2010-07-21 12:24:48',1,5,'2','admin',3,''),(2,'2010-07-21 16:05:09',1,11,'1','Others',1,''),(3,'2010-07-21 16:05:17',1,12,'1','Others',1,''),(4,'2010-07-21 16:05:18',1,15,'1','BHASKAR | ABI',1,''),(5,'2010-07-21 16:06:03',1,15,'2','ACHALNATH | ABI ',1,''),(6,'2010-07-21 16:14:07',1,16,'1','New Delhi | India',1,''),(7,'2010-07-21 16:14:37',1,16,'2','Chennai | India',1,''),(8,'2010-07-21 16:18:29',1,11,'2','Travels',1,''),(9,'2010-07-21 16:19:00',1,12,'2','Travels',1,''),(10,'2010-07-21 16:19:12',1,15,'3','Car | Aviation Express ',1,''),(11,'2010-07-21 16:21:01',1,15,'4','Dr.Krishnan | AU-KBC Research Centre',1,''),(12,'2010-07-21 16:23:59',1,12,'3','Bank',1,''),(13,'2010-07-21 16:34:34',1,15,'5','NITIN | AXIS BANK LTD',1,''),(14,'2010-07-21 20:03:37',1,5,'1','contactadmin',2,'Changed email.'),(15,'2010-07-21 20:12:51',1,5,'3','jai.srinivasan',1,''),(16,'2010-07-23 16:16:14',1,15,'6','Unni | Alacrity Housing Ltd',1,''),(17,'2010-07-23 16:16:54',1,15,'7','Geetha | ABACUS',1,''),(18,'2010-07-23 16:17:39',1,15,'8','Sudhakar | Access Computers Data Corp',1,''),(19,'2010-07-23 16:19:44',1,15,'9','Alok Parna  | Kestone Research Ltd',1,''),(20,'2010-07-23 16:21:38',1,15,'10','Advanced Surgical Ltd | Advanced Surgical Ltd',1,''),(21,'2010-07-23 16:22:14',1,15,'11','Apollo Surgical Ltd | Apollo Surgical Ltd',1,''),(22,'2010-07-23 16:22:59',1,15,'12','Apollo Hospitals | Apollo Hospitals',1,''),(23,'2010-07-23 16:27:31',1,15,'13','Aspire Technology | Aspire Technology',1,''),(24,'2010-07-23 16:28:24',1,15,'14','Lakshmi | Avtar Career Creators',1,''),(25,'2010-07-23 16:28:54',1,15,'15','Sanjeev | Advanced Infotech',1,''),(26,'2010-07-23 16:29:18',1,15,'16','Amrith Sivaraman | Amrith Sivaraman',1,''),(27,'2010-07-23 16:30:03',1,15,'17','Major Swaminthan | Dr.A P J Abdul Kalam\'s PA',1,''),(28,'2010-07-23 16:30:35',1,15,'18','Airport Hotel | Airport Hotel',1,''),(29,'2010-07-23 16:31:07',1,15,'19','P.S.Ananthanarayanan | P.S.Ananthanarayanan',1,''),(30,'2010-07-23 16:35:39',1,15,'20','CCC | American Express Credit Card- Corporate',1,''),(31,'2010-07-23 16:36:01',1,15,'20','CCC | American Express Credit Card- Corporate',2,'Changed mobile_no.'),(32,'2010-07-23 16:39:17',1,16,'3',' | India',1,''),(33,'2010-07-23 16:40:19',1,15,'21','Tapovan | Tapovan',1,''),(34,'2010-07-23 16:46:51',1,15,'22','Nirmala Menon | Balmer Lawrie ',1,''),(35,'2010-07-23 16:47:25',1,15,'23','Maslyne | Banyan',1,''),(36,'2010-07-23 16:48:07',1,15,'24','Shrinivasan | Bhagyaan Associates',1,''),(37,'2010-07-23 16:48:43',1,15,'25','Viswanathan | Benmark Softech ',1,''),(38,'2010-07-23 16:53:06',1,15,'26','Vijay | Benchmark Softech ',1,''),(39,'2010-07-23 16:53:35',1,15,'27','Raviprasad | Blue Star',1,''),(40,'2010-07-23 16:53:56',1,15,'28','Bambino | Bambino',1,''),(41,'2010-07-23 16:54:26',1,15,'29','Bay Leaf | Bay Leaf',1,''),(42,'2010-07-23 16:54:50',1,15,'30','Steve Davies  | Bata India ',1,''),(43,'2010-07-23 16:55:17',1,15,'31','Brahadwani | Brahadwani',1,''),(44,'2010-07-23 16:57:40',1,15,'32','Taxi Driver | Barathi Call Taxi',1,''),(45,'2010-07-23 16:58:10',1,15,'33','Sri S | BPL Telecom P LTD',1,''),(46,'2010-07-23 16:59:14',1,15,'34','Bharathi Palan Canada | Bharathi Palan Canada',1,''),(47,'2010-07-23 17:00:14',1,15,'35','Morena  | Embassy Consulate Belgium ',1,''),(48,'2010-07-23 17:02:26',1,15,'36','Bombay Stationers | Bombay Stationers',1,''),(49,'2010-07-23 17:03:17',1,15,'37','Vanangamudi | Business Solution International ',1,''),(50,'2010-07-23 17:06:24',1,15,'38','Nishen Roy | Bizsoft Solutions & Services',1,''),(51,'2010-07-23 17:20:39',1,15,'39','Bombay Sports | Bombay Sports',1,''),(52,'2010-07-23 17:21:31',1,15,'40','Subramaniam | Brij Data Link',1,''),(53,'2010-07-23 17:22:40',1,15,'41','Shankaran | Blue Shift ',1,''),(54,'2010-07-23 17:23:12',1,15,'42','BG Enterprises | BG Enterprises',1,''),(55,'2010-07-23 17:23:44',1,15,'43','Gurukal Balakrishnan | Gurukal Balakrishnan',1,''),(56,'2010-07-23 17:24:01',1,15,'44','Binder Ramalingam | Binder Ramalingam',1,''),(57,'2010-07-23 17:24:22',1,15,'45','British Council | British Council',1,''),(58,'2010-07-23 17:25:44',1,15,'46','Virendra Kumar | Chennai Customs',1,''),(59,'2010-07-23 17:26:19',1,15,'46','Virendra Kumar | Chennai Customs',2,'No fields changed.'),(60,'2010-09-03 12:10:07',1,15,'47','Dr.Haripriya | Appollp Women',1,''),(61,'2010-09-03 12:11:17',1,15,'48','Pranar Kumar Mishra | Amex Corporate Office',1,''),(62,'2010-09-03 12:13:04',1,15,'49','P C Balasubramaniam | Chennai Kids',1,''),(63,'2010-09-03 12:15:30',1,15,'50','Brinda | Cymbionic Marketing',1,''),(64,'2010-09-03 12:18:24',1,15,'51','Satyan | Cars India',1,''),(65,'2010-09-03 12:19:24',1,15,'51','Satyan | Cars India',2,'Changed mobile_no and tel_no.'),(66,'2010-09-03 12:19:42',1,15,'52','Priya | Citi Bank',1,''),(67,'2010-09-03 12:20:11',1,15,'53','Jagdish | Cavin Kare Ltd',1,''),(68,'2010-09-03 12:21:00',1,15,'54','Kathick | Compact UPS',1,''),(69,'2010-09-03 12:21:26',1,15,'55','TamilSelvan | Citi Computer Clinic',1,''),(70,'2010-09-03 12:22:10',1,15,'56','Richard | Country Club',1,''),(71,'2010-09-03 12:22:49',1,15,'57','Ramaa | Clarke School',1,''),(72,'2010-09-03 12:23:51',1,15,'58','Satyamurthy | Chinmaya Vidyalaya',1,''),(73,'2010-09-03 12:24:26',1,15,'59','M | Chettinad Vidhyashram',1,''),(74,'2010-09-03 12:25:11',1,15,'60','R & L | Carsten Fisher ',1,''),(75,'2010-09-03 12:25:48',1,15,'61','Sridhar | CST',1,''),(76,'2010-09-03 12:26:29',1,15,'62','Chandra Sekaran  | Chandra Sekaran ',1,''),(77,'2010-09-03 12:27:05',1,15,'63','IT Vittal | Canadian Trade Section',1,''),(78,'2010-09-03 12:27:35',1,15,'64','Bharathi | Cresent Eng College',1,''),(79,'2010-09-03 12:28:04',1,15,'65','Shaleena | Clasticon Solutions',1,''),(80,'2010-09-03 12:28:32',1,15,'66','Rashad | Cyber Globe India pvt ltd',1,''),(81,'2010-09-03 12:29:02',1,15,'67','Citi Bank Shelters | Citi Bank Shelters',1,''),(82,'2010-09-03 12:29:30',1,15,'68','Rabin Steven | Citi Business ',1,''),(83,'2010-09-03 12:29:55',1,15,'69','Chandra  | CTS',1,''),(84,'2010-09-03 12:30:22',1,15,'70','Mahesh | Clasticon Solutions',1,''),(85,'2010-09-03 12:30:57',1,15,'71','Anu | Cimans India ',1,''),(86,'2010-09-03 12:31:26',1,15,'72','Sharada Ramani | CII India',1,''),(87,'2010-09-03 12:31:44',1,15,'73','Sairaj | CTS ',1,''),(88,'2010-09-03 12:31:57',1,15,'74','Swami | CTS',1,''),(89,'2010-09-03 12:32:17',1,15,'75','Sritika | CTS',1,''),(90,'2010-09-03 12:32:33',1,15,'76','AJIT | CTS',1,''),(91,'2010-09-03 12:32:53',1,15,'77','Selvaraj | Classic Prints',1,''),(92,'2010-09-03 12:33:35',1,15,'78','Raghavan | Carlson Wagon Travels',1,''),(93,'2010-09-03 12:34:06',1,15,'79','Raghavan | Cars India',1,''),(94,'2010-09-03 12:34:31',1,15,'80','Cool N Cool | Cool N Cool',1,''),(95,'2010-09-03 12:35:00',1,15,'81','DGM | Chennai Telephones',1,''),(96,'2010-09-03 12:35:23',1,15,'82','Lakshmi | Chennai Fax',1,''),(97,'2010-09-03 12:35:49',1,15,'83','Chitra Subramaniam | Chitra Subramaniam',1,''),(98,'2010-09-03 12:36:24',1,15,'84','Sornam | Courier Blue Dart',1,''),(99,'2010-09-03 12:37:20',1,15,'85','BSNL | Chennai Telephones',1,''),(100,'2010-09-03 12:38:17',1,15,'86','G.K.Catering Services | G.K.Catering Services',1,''),(101,'2010-09-03 12:38:38',1,15,'87','Venkatesh | Cars India',1,''),(102,'2010-09-03 12:39:21',1,15,'88','Chokalingam | Citi Bank',1,''),(103,'2010-09-03 12:39:47',1,15,'89','Joseph | Courier',1,''),(104,'2010-09-03 12:40:22',1,15,'90','Canon | Canon Printer',1,''),(105,'2010-09-03 12:40:59',1,15,'91','Venkatesh | CMS Computer',1,''),(106,'2010-09-03 12:41:21',1,15,'92','Canon | Canon Office',1,''),(107,'2010-09-03 12:42:10',1,15,'93','Eswar | Cinthamani Computers',1,''),(108,'2010-09-03 12:42:51',1,15,'94','Suny Singh | Canadian Embassy',1,''),(109,'2010-09-03 12:43:13',1,15,'95','Call Taxi | Chennai Call Taxi',1,''),(110,'2010-09-03 12:43:51',1,15,'96','Cindy Redwood | Cindy Redwood',1,''),(111,'2010-09-03 12:44:28',1,15,'97','Sujatha | CI.COM',1,''),(112,'2010-09-03 12:45:00',1,15,'98','Arun | Convex Studio',1,''),(113,'2010-09-03 12:45:29',1,15,'99','Jagdish | Ceebros Property',1,''),(114,'2010-09-03 12:45:56',1,15,'100','Kathick | CNG',1,''),(115,'2010-09-03 12:46:55',1,15,'101','Sivagami | Comm for Employment & Trainer',1,''),(116,'2010-09-03 12:47:35',1,15,'102','CKING Consultancy | CKING Consultancy',1,''),(117,'2010-09-03 12:48:07',1,15,'103','Chinmaya International | Chinmaya International',1,''),(118,'2010-09-03 12:48:58',1,15,'104','Canwin Solutions | Canwin Solutions',1,''),(119,'2010-09-03 12:49:19',1,15,'105','Srinivasan | Ceebros ',1,''),(120,'2010-09-03 12:50:05',1,15,'106','Service Eng | Carpet Care Services',1,''),(121,'2010-09-03 12:50:55',1,15,'107','Willams | Coffe & Tea Vending Machin',1,''),(122,'2010-09-03 12:51:33',1,15,'108','Chandru | Chandru',1,''),(123,'2010-09-03 12:52:01',1,15,'109','Vino | Canon India ',1,''),(124,'2010-09-03 14:17:26',1,15,'110','Sundaram | Dishnet',1,''),(125,'2010-09-03 14:17:59',1,15,'111','Raviveeraraghavan | Deloitte Haskins',1,''),(126,'2010-09-03 14:18:23',1,15,'112','Bheependar | Devaraj Computer',1,''),(127,'2010-09-03 14:18:50',1,15,'113','Mehul Joshi | Doshi Housing Ltd',1,''),(128,'2010-09-03 14:19:30',1,15,'114','Durai Raj | Durai Raj ',1,''),(129,'2010-09-03 14:19:47',1,15,'115','Vetri | Dinamalar',1,''),(130,'2010-09-03 14:20:16',1,15,'116','Peer Othamed | Digital Pacific',1,''),(131,'2010-09-03 14:20:37',1,15,'117','David Berridge  | David Berridge ',1,''),(132,'2010-09-03 14:21:36',1,15,'118','Mohan | DBA',1,''),(133,'2010-09-03 14:23:42',1,15,'119','Delta Peripherals | Delta Peripherals',1,''),(134,'2010-09-03 14:24:10',1,15,'120','Sripriya | Datamatrix Corpn',1,''),(135,'2010-09-03 14:24:33',1,15,'121','Dimension | Dimension',1,''),(136,'2010-09-03 14:24:58',1,15,'122','David World Vision | David World Vision',1,''),(137,'2010-09-03 14:25:24',1,15,'123','Dental Care | Dental Care',1,''),(138,'2010-09-03 14:26:09',1,15,'124','Dhonadhi Hitech Innovations | Dhonadhi Hitech Innovations',1,''),(139,'2010-09-03 14:26:50',1,15,'125','Leena | Dishnet',1,''),(140,'2010-09-03 14:27:21',1,15,'126','Reddy B B | Dishnet',1,''),(141,'2010-09-03 14:28:17',1,15,'127','Dr.G.Sundaram | Dr.G.Sundaram',1,''),(142,'2010-09-03 14:28:40',1,15,'128','Balaji | Dhanush Enterprises',1,''),(143,'2010-09-03 14:29:12',1,15,'129','Chandru | DIL',1,''),(144,'2010-09-03 14:29:42',1,15,'130','Jaishree | DBS Cholamandalam',1,''),(145,'2010-09-03 14:30:37',1,15,'131','Office Suppliers | Day to day office suppliers',1,''),(146,'2010-09-03 14:42:34',1,15,'132','Meera | Anil Lambe',1,''),(147,'2010-09-03 14:45:17',1,15,'133','Arvinda Babu | Arvinda Babu',1,''),(148,'2010-09-03 14:45:50',1,15,'134','Vijayakumar | Adhiyamaan Eng College',1,''),(149,'2010-09-03 14:47:07',1,15,'135','Chandramouli | Ambbiance ',1,''),(150,'2010-09-03 14:48:17',1,15,'136','Asha Raman | Asha Raman',1,''),(151,'2010-09-03 14:48:54',1,15,'137','Ganesh | Advanced Softech Solutions',1,''),(152,'2010-09-03 14:49:43',1,15,'138','Amrish Perjari | Amrish Perjari',1,''),(153,'2010-09-03 14:53:51',1,15,'139','Kusal | Air Travel Enterpriises',1,''),(154,'2010-09-03 14:55:11',1,15,'139','Kusal | Air Travel Enterpriises',2,'Changed tel_no and fax_no.'),(155,'2010-09-03 14:56:44',1,15,'139','Air Travel Enterpriises | Air Travel Enterpriises',2,'Changed executive_name.'),(156,'2010-09-03 14:58:39',1,15,'140','Kusal Flora | Artiifical Plant ',1,''),(157,'2010-09-03 15:00:20',1,15,'141','Bala / Hema | Altra System',1,''),(158,'2010-09-03 15:00:46',1,15,'142','Aditya Ram | Aditya Ram',1,''),(159,'2010-09-03 15:05:49',1,15,'143','Chitra Ravi | Ez Vidhya ',1,''),(160,'2010-09-03 15:06:31',1,15,'144','Jyoti | Emirates Airlines',1,''),(161,'2010-09-03 15:07:02',1,15,'145','Mangalshetty | Elind',1,''),(162,'2010-09-03 15:08:00',1,15,'146','Kalyankumar | Ergomaxx',1,''),(163,'2010-09-03 15:09:33',1,15,'147','John Dyke | EMT',1,''),(164,'2010-09-03 15:09:55',1,15,'148','Rajaprasad | Expert Systems',1,''),(165,'2010-09-03 15:10:25',1,15,'149','Santhosh Narayanan | Easy Links',1,''),(166,'2010-09-03 15:11:00',1,15,'150','Balachandar | Eurocorp Security',1,''),(167,'2010-09-03 15:11:30',1,15,'151','Sridhar Babu | EWAK',1,''),(168,'2010-09-03 15:11:49',1,15,'152','Xerox | Excellent Xerox',1,''),(169,'2010-09-03 15:12:20',1,15,'153','Sekar | Electrican Sekar',1,''),(170,'2010-09-03 15:12:53',1,15,'154','Basha | Kamal Stores',1,''),(171,'2010-09-03 15:13:50',1,15,'155','Daniel | Enkay Technologies',1,''),(172,'2010-09-03 15:14:36',1,15,'156','Bhuvana | EWIT',1,''),(173,'2010-09-03 15:20:37',1,15,'157','Ragini Reddy | Exemplarr world wide ',1,''),(174,'2010-09-03 15:21:00',1,15,'158','Esab India Ltd | Esab India Ltd',1,''),(175,'2010-09-03 15:21:52',1,15,'159','Srinivasan | Finolex ',1,''),(176,'2010-09-03 15:22:18',1,15,'160','Ganesan | Fourth R',1,''),(177,'2010-09-03 15:23:00',1,15,'161','Kulkarni | Fergusson College Pune',1,''),(178,'2010-09-03 15:23:26',1,15,'162','Finolex Pune | Finolex  Pune',1,''),(179,'2010-09-03 15:23:58',1,15,'163','Montoo Sharma | Four Bhai',1,''),(180,'2010-09-03 15:24:52',1,15,'164','Srikanth | Future Achievers',1,''),(181,'2010-09-03 15:25:14',1,15,'165','Nitin Daha | Fomra Electricals',1,''),(182,'2010-09-03 15:25:31',1,15,'166','Feroz | Feroz',1,''),(183,'2010-09-03 15:26:03',1,15,'167','Jeevanandhan | Fax Mandal',1,''),(184,'2010-09-03 15:26:51',1,15,'168','Lakshmi | Florist - SS Florist',1,''),(185,'2010-09-03 15:30:02',1,15,'169','Veneta | Farida',1,''),(186,'2010-09-03 15:30:27',1,15,'170','Feather lite | Feather lite',1,''),(187,'2010-09-03 15:30:43',1,15,'171','Fast track | Fast track',1,''),(188,'2010-09-03 15:31:19',1,15,'172','Federal Express  | Federal Express ',1,''),(189,'2010-09-03 15:31:49',1,15,'173','Samrat | Finolex  Pune',1,''),(190,'2010-09-03 15:32:37',1,15,'174','Frozen Thoughts | Frozen Thoughts',1,''),(191,'2010-09-06 10:44:35',1,15,'175','Gopal | Fraser & Ross',1,''),(192,'2010-09-06 10:45:17',1,15,'176','EGL | First Flight',1,''),(193,'2010-09-06 10:45:51',1,15,'177','S.N.SRIKANTH | FIFTH ESTATE',1,''),(194,'2010-09-06 10:46:29',1,15,'178','Jeevanandham Rajagopal | Foxmandal Little',1,''),(195,'2010-09-06 10:46:50',1,15,'179','Mayur | Focus Gallery',1,''),(196,'2010-09-06 10:47:40',1,15,'180','Aishwarya | Fresh & Honest ',1,''),(197,'2010-09-06 10:49:00',1,15,'181','5G | Fifth Generation Technologies India Pvt Ltd',1,''),(198,'2010-09-06 10:49:57',1,15,'182','5G -Rehan | 5G Technologies Ltd',1,''),(199,'2010-09-06 10:50:35',1,15,'183','5G -Jon kent | 5G Technologies Europe Ltd',1,''),(200,'2010-09-06 10:51:26',1,15,'184','Somasundaram | Gemini Communication',1,''),(201,'2010-09-06 10:52:16',1,15,'185','Rahatullah | Globus UPS',1,''),(202,'2010-09-06 10:52:41',1,15,'186','Gopalan | Cyber Globe',1,''),(203,'2010-09-06 10:55:06',1,15,'187','Mathews | Gislen Software ',1,''),(204,'2010-09-06 10:55:38',1,15,'188','GRT Grand Days | GRT Grand Days',1,''),(205,'2010-09-06 10:56:31',1,15,'189','Galle Face Hotel Colombo | Galle Face Hotel Colombo',1,''),(206,'2010-09-06 10:57:01',1,15,'190','Kishore Kumar | Golicha Cars',1,''),(207,'2010-09-06 10:58:08',1,15,'191','Gokul Cables | Gokul Cables',1,''),(208,'2010-09-06 10:58:34',1,15,'192','Shanmugam | G.S.Arts',1,''),(209,'2010-09-06 10:58:59',1,15,'193','Goldman Advertisers | Goldman Advertisers',1,''),(210,'2010-09-06 10:59:31',1,15,'194','Gandhi Nagar Club | Gandhi Nagar Club',1,''),(211,'2010-09-06 11:01:32',1,15,'195','H.N.Dileep | GE Fanuc Systems',1,''),(212,'2010-09-06 11:02:00',1,15,'196','Grow Talent | Grow Talent',1,''),(213,'2010-09-06 11:02:31',1,15,'197','Glengrove Suites | Glengrove Suites',1,''),(214,'2010-09-06 11:03:44',1,15,'198','G.M.Motors Service | G.M.Motors Service',1,''),(215,'2010-09-06 11:04:04',1,15,'199','Ravi | Gypsum Board ',1,''),(216,'2010-09-06 11:04:53',1,15,'200','Geetha | Hindu',1,''),(217,'2010-09-06 11:05:14',1,15,'201','Shekhar | Hotel Maris',1,''),(218,'2010-09-06 11:05:57',1,15,'202','Hemachandrudu | Hemachandrudu',1,''),(219,'2010-09-06 11:06:27',1,15,'203','HDFC Bank | HDFC Bank',1,''),(220,'2010-09-06 11:07:10',1,15,'204','Hash Bhandari | Hash Bhandari',1,''),(221,'2010-09-06 11:07:35',1,15,'205','Hotel Parijat Delhi | Hotel Parijat Delhi',1,''),(222,'2010-09-06 11:10:14',1,15,'206','Srinivasan | Haron Technologies ',1,''),(223,'2010-09-06 11:11:36',1,15,'207','Srinivasan | Hotel Shelters',1,''),(224,'2010-09-06 11:12:04',1,15,'208','Sandhya Shankar | HDFC Bank',1,''),(225,'2010-09-06 11:12:37',1,15,'209','Sudharshan | Honeywell',1,''),(226,'2010-09-06 11:13:12',1,15,'210','Shivakumar | HP',1,''),(227,'2010-09-06 11:20:45',1,15,'211','Hotel Renuka | Hotel Renuka',1,''),(228,'2010-09-06 11:21:14',1,15,'212','Hotel Hampton Inn | Hotel Hampton Inn',1,''),(229,'2010-09-06 11:22:03',1,15,'213','Hi Care Services | Hi Care Services',1,''),(230,'2010-09-06 11:22:43',1,15,'214','Kumar | HP Sales',1,''),(231,'2010-09-06 11:23:15',1,15,'215','Hotel Sabhabishagam | Hotel Sabhabishagam',1,''),(232,'2010-09-06 11:24:00',1,15,'216','Hotel Leela Kempinski | Hotel Leela Kempinski',1,''),(233,'2010-09-06 11:24:29',1,15,'217','Hotel Saravana Bhavan | Hotel Saravana Bhavan',1,''),(234,'2010-09-06 11:24:57',1,15,'218','Happy Home Foundations | Happy Home Foundations',1,''),(235,'2010-09-06 11:25:37',1,15,'219','Kannan | HP BPO',1,''),(236,'2010-09-06 11:26:17',1,15,'220','HDFC Loan | HDFC Loan',1,''),(237,'2010-09-06 11:26:48',1,15,'221','HR Dex People Solutions | HR Dex People Solutions',1,''),(238,'2010-09-06 11:43:12',1,15,'222','High Profile Con | High Profile Con',1,''),(239,'2010-09-06 11:43:44',1,15,'223','Tamy | Hotel Rain Tree',1,''),(240,'2010-09-06 11:44:18',1,15,'224','Hotel ITC Park Sheraton | Hotel ITC Park Sheraton',1,''),(241,'2010-09-06 11:45:20',1,15,'225','Hotel Subway | Hotel Subway',1,''),(242,'2010-09-06 11:46:04',1,15,'226','Barani | Hindustan Lever Ltd',1,''),(243,'2010-09-06 11:46:36',1,15,'227','Hotel Guest Line | Hotel Guest Line',1,''),(244,'2010-09-06 11:47:47',1,15,'228','Shyam | ICICI Santhome',1,''),(245,'2010-09-06 11:48:22',1,15,'229','Vishnukalai | IT Office',1,''),(246,'2010-09-06 11:57:59',1,15,'230','Srinivasan | IPATH Technologies',1,''),(247,'2010-09-06 11:58:50',1,15,'231','Bargavi | ICICI Nungambakkam',1,''),(248,'2010-09-06 11:59:21',1,15,'232','ITC Travel | ITC Travel',1,''),(249,'2010-09-06 12:00:33',1,15,'233','Kalyani | ICM ',1,''),(250,'2010-09-06 12:01:28',1,15,'234','Selva | Intergrated Enterprises',1,''),(251,'2010-09-06 12:02:34',1,15,'235','Stephen Budden  | IEE Services Pvt Ltd',1,''),(252,'2010-09-06 12:03:11',1,15,'236','IRS Communications | IRS Communications',1,''),(253,'2010-09-06 12:03:40',1,15,'237','Ajit | ID Tag Systems',1,''),(254,'2010-09-06 15:25:37',1,15,'238','Gajapathy | IT Kids',1,''),(255,'2010-09-06 15:26:51',1,15,'239','Ganesh | ICICI Anna Salai',1,''),(256,'2010-09-06 15:27:36',1,15,'240','Pandey | Intecon Computers ',1,''),(257,'2010-09-06 15:27:56',1,15,'241','Varadharajan | IIT ',1,''),(258,'2010-09-06 15:28:34',1,15,'242','Indian Airlines | Indian Airlines',1,''),(259,'2010-09-06 15:28:59',1,15,'243','Infolink  | Infolink ',1,''),(260,'2010-09-06 15:30:03',1,15,'244','Maha | Ideal Resorts',1,''),(261,'2010-09-06 15:30:44',1,15,'245','Pro.Shanmugam | IIT',1,''),(262,'2010-09-06 15:31:30',1,15,'246','Manohar | IISE ',1,''),(263,'2010-09-06 15:32:15',1,15,'246','Manohar | IISE ',2,'Changed fax_no.'),(264,'2010-09-06 15:53:36',1,15,'247','Sarath Chandran | Indo Austrialan Chamber',1,''),(265,'2010-09-06 15:55:50',1,15,'248','Indo Italian Chambers | Indo Italian Chambers',1,''),(266,'2010-09-06 15:56:49',1,15,'249','N.N.Kishore | IIT ',1,''),(267,'2010-09-06 15:58:03',1,15,'250','Muthukumar | Indian Express',1,''),(268,'2010-09-06 15:58:45',1,15,'251','William | IT Square Head solutions',1,''),(269,'2010-09-06 15:59:07',1,15,'252','Steven | ICICI',1,''),(270,'2010-09-06 15:59:35',1,15,'253','AK Singh (NDE Lab) | IIT',1,''),(271,'2010-09-06 16:00:12',1,15,'254','India Tourism | India Tourism',1,''),(272,'2010-09-06 16:00:58',1,15,'255','Vijayalakshmi | ICICI Prudent',1,''),(273,'2010-09-06 16:01:22',1,15,'256','Indian Bank Ceylon | Indian Bank Ceylon',1,''),(274,'2010-09-06 16:01:56',1,15,'257','Unnikirshnan.T.P | Immigration Officer',1,''),(275,'2010-09-06 16:18:29',1,15,'258','Dr.Ravi | Isabilla Hospital',1,''),(276,'2010-09-06 16:19:26',1,15,'259','Venkatachari | IDART ',1,''),(277,'2010-09-06 16:19:52',1,15,'260','Infotree Solutions | Infotree Solutions',1,''),(278,'2010-09-06 16:20:18',1,15,'261','Athiyaman | ICICI Private Banking',1,''),(279,'2010-09-06 16:21:07',1,15,'262','Padmanabhan | Jayam Consultants',1,''),(280,'2010-09-06 16:21:35',1,15,'263','P Shantakumar | Jyoti Agencies',1,''),(281,'2010-09-06 16:21:59',1,15,'264','Customer Care | Jetairways',1,''),(282,'2010-09-06 16:22:42',1,15,'264','Customer Care | Jetairways',2,'Changed fax_no.'),(283,'2010-09-06 16:23:01',1,15,'265','Jayadevan | Jayadevan',1,''),(284,'2010-09-06 16:23:38',1,15,'266','Raghavendran | Jaya Travels',1,''),(285,'2010-09-06 16:24:06',1,15,'267','Just Dial | Just Dial',1,''),(286,'2010-09-06 16:24:33',1,15,'268','John Paul | JSR Systems',1,''),(287,'2010-09-06 16:25:14',1,15,'269','Jaya Travel & Tours | Jaya Travel & Tours',1,''),(288,'2010-09-06 16:26:33',1,15,'270','Ajit  | JP Research Inc.',1,''),(289,'2010-09-06 16:27:20',1,15,'271','Gopinath / Sarulatha | Jobmax Careers',1,''),(290,'2010-09-06 16:28:25',1,15,'272','V P Sathya | Jay Parbolic Ltd',1,''),(291,'2010-09-06 16:33:39',1,15,'273','Ananth V Karve | JPR Ananth V Karve',1,''),(292,'2010-09-06 16:34:17',1,15,'274','Jeya Padmanabhan | JPR INDIA',1,''),(293,'2010-09-06 16:35:02',1,15,'245','Shanmugam | IIT',2,'Changed executive_name.'),(294,'2010-09-06 16:35:36',1,15,'274','Jeya Padmanabhan | JPR INDIA',2,'Changed tel_no.'),(295,'2010-09-06 16:36:46',1,15,'275','Subhash Pathangary | Kibro Elbert Grove Company',1,''),(296,'2010-09-06 16:37:23',1,15,'276','Kalyana Sundaram | United India Assurance',1,''),(297,'2010-09-06 17:18:37',1,15,'277','Selvaraj Kumar | KMR Online',1,''),(298,'2010-09-06 17:37:56',1,15,'278','Olander | Kausan',1,''),(299,'2010-09-06 17:38:21',1,15,'279','Vaidyanathan | Kanchi Mutt',1,''),(300,'2010-09-06 17:38:51',1,15,'280','Kadal Amuthan | Kay Bee Poweleec',1,''),(301,'2010-09-06 17:39:13',1,15,'281','KPN Travels | KPN Travels',1,''),(302,'2010-09-06 17:39:55',1,15,'282','Divya | Krithika Enterprise',1,''),(303,'2010-09-06 17:43:54',1,15,'283','Satish Murthy | Kerala Lawyer',1,''),(304,'2010-09-06 17:44:17',1,15,'284','Karthikeyan N | Karthikeyan N',1,''),(305,'2010-09-06 17:44:49',1,15,'285','Kalyan | Kalyan',1,''),(306,'2010-09-06 17:45:46',1,15,'286','Karnataka State Tourism  | Karnataka State Tourism ',1,''),(307,'2010-09-06 17:46:38',1,15,'154','Basha | Kamal Stores',2,'Changed mobile_no.'),(308,'2010-09-06 17:47:03',1,15,'287','Krishnan | AUKBC',1,''),(309,'2010-09-06 17:47:29',1,15,'288','Kushboo Computers | Kushboo Computers',1,''),(310,'2010-09-06 17:48:03',1,15,'281','KPN Travels | KPN Travels',2,'Changed tel_no.'),(311,'2010-09-06 18:03:37',1,15,'289','K9 Technology | K9 Technology',1,''),(312,'2010-09-06 18:04:03',1,15,'290','Marian | KCRC ',1,''),(313,'2010-09-06 18:04:25',1,15,'291','Charles | Kriba',1,''),(314,'2010-09-06 18:04:54',1,15,'292','Gokulnath | Kryptos Network Pvt Ltd',1,''),(315,'2010-09-06 18:05:23',1,15,'293','Kingfisher Airlines | Kingfisher Airlines',1,''),(316,'2010-09-06 18:05:55',1,15,'294','Sylester  | Kotak Mahindra Bank',1,''),(317,'2010-09-08 10:39:17',1,15,'295','Thulasiraman | LIC ',1,''),(318,'2010-09-08 10:39:49',1,15,'296','Narayanan | LTITL',1,''),(319,'2010-09-08 10:40:36',1,15,'297','Avinash Mone | L&T Infotech ',1,''),(320,'2010-09-08 10:41:25',1,15,'298','Washi | L&T Infotech ',1,''),(321,'2010-09-08 10:42:02',1,15,'299','Dheeraj Tusshara | L&T Infotech ',1,''),(322,'2010-09-08 10:42:58',1,15,'300','Kiranpai | L&T Infotech ',1,''),(323,'2010-09-08 10:43:24',1,15,'301','Vivek Shirur | L&T Infotech ',1,''),(324,'2010-09-08 10:44:11',1,15,'302','Abraham A Samson | L&T Automation',1,''),(325,'2010-09-08 10:44:52',1,15,'303','RVS Mani Maashi | L&T Infotech ',1,''),(326,'2010-09-08 10:45:19',1,15,'304','Sunil Pandey | L&T Infotech ',1,''),(327,'2010-09-08 10:46:34',1,15,'305','Pradeep KunthamBaker | L&T Infotech ',1,''),(328,'2010-09-08 10:47:20',1,15,'306','Sanjay Chowdhry | L&T Infotech ',1,''),(329,'2010-09-08 10:49:15',1,15,'307','Routh | L&T Infotech ',1,''),(330,'2010-09-08 10:51:51',1,15,'308','Lakshminarayan | Lakshminarayan',1,''),(331,'2010-09-08 10:52:40',1,15,'309','Sunil Sapril | L&T Infotech ',1,''),(332,'2010-09-08 10:53:21',1,15,'310','Srinivasan | L&T',1,''),(333,'2010-09-08 10:54:33',1,15,'311','Pradeed | L&T Automation',1,''),(334,'2010-09-08 10:55:22',1,15,'312','R.N.Mukhija | L&T',1,''),(335,'2010-09-08 10:57:25',1,15,'313','Vilas Madapurmath | Vilas Madapurmath',1,''),(336,'2010-09-08 10:57:51',1,15,'314','Latha Sukumar | Latha Sukumar',1,''),(337,'2010-09-08 10:59:45',1,15,'315','Sangent & Lundy | L&T',1,''),(338,'2010-09-08 11:00:35',1,15,'316','Srinath Jaganathan | Lucid Technologies',1,''),(339,'2010-09-08 11:01:12',1,15,'317','Vohra | LK Vohra Consultancy',1,''),(340,'2010-09-08 11:01:59',1,15,'318','Vinay Thambey | L&T',1,''),(341,'2010-09-08 11:03:03',1,15,'319','Suresh | LIC ',1,''),(342,'2010-09-08 11:04:03',1,15,'320','Landmark | Landmark',1,''),(343,'2010-09-08 11:15:16',1,15,'321','K.Seshadri | Lucas TVS Ltd',1,''),(344,'2010-09-08 11:15:46',1,15,'322','Luk | Luk',1,''),(345,'2010-09-08 11:16:28',1,15,'323','Venkatesh | Lakshmi Videos',1,''),(346,'2010-09-08 11:16:56',1,15,'324','Lufthansa Airlines | Lufthansa Airlines',1,''),(347,'2010-09-08 11:17:37',1,15,'325','Gunaseelan | Lionel India Ltd',1,''),(348,'2010-09-08 14:11:26',1,15,'326','Subhash | L&T Finance Ltd',1,''),(349,'2010-09-08 14:14:36',1,15,'327','Rangaswamy / Ramesh | LIC Housing Finance ',1,''),(350,'2010-09-08 14:15:11',1,15,'328','L&T Finance | L&T Finance',1,''),(351,'2010-09-08 14:16:38',1,15,'329','Sanigh  | Leo Burnett ',1,''),(352,'2010-09-08 14:19:24',1,15,'330','Sanjeeva | Leo Burnett ',1,''),(353,'2010-09-08 14:41:01',1,15,'331','Arvind Ankhilikar | L&T',1,''),(354,'2010-09-08 14:43:14',1,15,'332','Mathew | Lanson Toyota',1,''),(355,'2010-09-08 14:43:49',1,15,'333','Kumar | Links Computers',1,''),(356,'2010-09-08 14:44:14',1,15,'334','Thiruvengadaathan | Lucas',1,''),(357,'2010-09-08 14:44:35',1,15,'335','Madras Race Club | Madras Race Club',1,''),(358,'2010-09-08 14:45:05',1,15,'336','Madras Gymkhana Club | Madras Gymkhana Club',1,''),(359,'2010-09-08 14:45:35',1,15,'337','Madras Boat Club | Madras Boat Club',1,''),(360,'2010-09-08 14:47:00',1,15,'338','Mohan Gandhi | Mega Soft System',1,''),(361,'2010-09-08 14:47:50',1,15,'339','Lakshminarayan | Moulis',1,''),(362,'2010-09-08 14:48:24',1,15,'340','Muthu Travels | Muthu Travels',1,''),(363,'2010-09-08 14:49:06',1,15,'341','Ravikrishna | Microsoft ',1,''),(364,'2010-09-08 14:49:58',1,15,'342','Chitra | Microsoft ',1,''),(365,'2010-09-08 14:51:06',1,15,'343','Ragurama Chandran | Mars Software',1,''),(366,'2010-09-08 14:51:24',1,15,'344','Kripa | Manai Foundations',1,''),(367,'2010-09-08 14:51:49',1,15,'345','Muthiah | Meenu Cabs',1,''),(368,'2010-09-08 14:52:32',1,15,'346','Dr.Rajagopalan | Midland CLinic ',1,''),(369,'2010-09-08 15:02:17',1,15,'347','Sham | MPL Ford',1,''),(370,'2010-09-08 15:03:13',1,15,'348','Sridhar | Muffakham College of Eng & Tech',1,''),(371,'2010-09-08 15:03:39',1,15,'349','Motilal Goda | Motilal Goda',1,''),(372,'2010-09-08 15:04:14',1,15,'350','Nagaraj | Mepco Schland Eng College',1,''),(373,'2010-09-08 15:04:39',1,15,'351','Mohanty | Mohanty',1,''),(374,'2010-09-08 15:05:05',1,15,'352','Saurab Mishra | Microsoft ',1,''),(375,'2010-09-08 15:08:52',1,15,'353','Meena Electricals | Meena Electricals',1,''),(376,'2010-09-08 15:09:23',1,15,'354','Manikandan | Microtek Solutions ',1,''),(377,'2010-09-08 15:09:51',1,15,'355','Jothi | Mylapore Times',1,''),(378,'2010-09-08 15:14:10',1,15,'356','Microsoft | Microsoft ',1,''),(379,'2010-09-08 15:14:38',1,15,'357','Kodhairaj | Microsoft ',1,''),(380,'2010-09-08 15:15:04',1,15,'358','Malani & Mangai | Malani & Mangai',1,''),(381,'2010-09-08 15:15:56',1,15,'359','Amrit Michani | Marquest Solutions',1,''),(382,'2010-09-08 15:16:29',1,15,'360','Palani | Maruti County Wide',1,''),(383,'2010-09-08 15:17:30',1,15,'361','Manikandan | Manikandan',1,''),(384,'2010-09-08 15:22:54',1,15,'362','Anup | MA Jacoks Carpets',1,''),(385,'2010-09-08 15:23:56',1,15,'363','Mohan Chidambram | Mohan Chidambram',1,''),(386,'2010-09-08 15:28:14',1,15,'364','Mohan Braawrin | LC Thanu',1,''),(387,'2010-09-08 15:28:46',1,15,'365','Vidhnu | Maersk ',1,''),(388,'2010-09-08 15:34:09',1,15,'366','Krishnan | Mason RGL',1,''),(389,'2010-09-08 15:35:15',1,15,'367','Dr.Maricar | Mehra Intt',1,''),(390,'2010-09-08 15:35:58',1,15,'368','MS Lites | MS Lites',1,''),(391,'2010-09-08 15:38:16',1,15,'369','Dr.Madhu | National Sports Mediicine Centre',1,''),(392,'2010-09-08 16:08:11',1,15,'370','Mercury Xerox  | Mercury Xerox ',1,''),(393,'2010-09-08 16:08:42',1,15,'371','Pooja | Microsoft ',1,''),(394,'2010-09-08 16:09:11',1,15,'372','Srikanth  | Microsoft ',1,''),(395,'2010-09-08 16:11:17',1,15,'373','Anand | Microsoft ',1,''),(396,'2010-09-08 16:11:39',1,15,'374','Microsoft Connect | Microsoft Connect',1,''),(397,'2010-09-08 16:12:06',1,15,'375','Dinesh | Millennium Motors',1,''),(398,'2010-09-08 16:12:39',1,15,'376','Mohidan Tailors | Mohidan Tailors',1,''),(399,'2010-09-08 16:13:10',1,15,'377','Mcrennett Foods | Mcrennett Foods',1,''),(400,'2010-09-08 16:13:52',1,15,'378','Prasad | Mount Manor HOtel',1,''),(401,'2010-09-08 16:14:37',1,15,'379','Manava Seva Dharma Samvardhani Annadhanam | Manava Seva Dharma Samvardhani Annadhanam',1,''),(402,'2010-09-08 16:15:11',1,15,'380','Victor | Mothers Kitchen',1,''),(403,'2010-09-08 16:15:40',1,15,'381','Venkat/Sukanya | Manikam Grand',1,''),(404,'2010-09-08 16:16:15',1,15,'382','Murguesh | Megalan Travels',1,''),(405,'2010-09-08 16:17:29',1,15,'383','Microsoft Global Partner Support | Microsoft Global Partner Support',1,''),(406,'2010-09-08 16:18:35',1,15,'384','Max New york Insurance | Max New york Insurance',1,''),(407,'2010-09-08 16:19:08',1,15,'385','Ramesh | M.S.Guest House',1,''),(408,'2010-09-08 16:20:32',1,15,'386','Maximo Software Solutions | Maximo Software Solutions',1,''),(409,'2010-09-08 16:34:19',1,15,'387','Microsoft | Microsoft ',1,''),(410,'2010-09-08 16:34:58',1,15,'388','Kumar | Mathangi Enterprises',1,''),(411,'2010-09-08 16:35:33',1,15,'389','M6.Net | M6.Net',1,''),(412,'2010-09-08 16:35:59',1,15,'390','Guru Rao | Mentoris ',1,''),(413,'2010-09-08 16:36:24',1,15,'391','Milk Shankar | Milk Shankar',1,''),(414,'2010-09-08 16:36:52',1,15,'392','Mark Enterprises  | Mark Enterprises ',1,''),(415,'2010-09-08 16:37:34',1,15,'393','Ramamurthi  | Maximo Software',1,''),(416,'2010-09-08 16:38:53',1,15,'394','Ashokan | Mecury Play Pvt ltd',1,''),(417,'2010-09-08 16:39:49',1,15,'395','Nagaraj | Nataraj Exports',1,''),(418,'2010-09-08 16:40:39',1,15,'396','Nagarajan | Nagarajan - Yohasri Properties',1,''),(419,'2010-09-08 16:41:40',1,15,'397','Vijaysathi/ Chitra | Net4 India',1,''),(420,'2010-09-09 11:30:54',1,15,'398','Ram  | Next Fashion Creator P Ltd',1,''),(421,'2010-09-09 11:31:13',1,15,'399','Manickam | NPN Communications',1,''),(422,'2010-09-09 11:31:44',1,15,'400','Netlinx | Netlinx',1,''),(423,'2010-09-09 11:35:08',1,15,'401','Surain | Nucleus Technologies',1,''),(424,'2010-09-09 11:35:52',1,15,'402','Oberoi | Neemrana Hotels',1,''),(425,'2010-09-09 11:36:37',1,15,'403','Rajashekar | Net Access ',1,''),(426,'2010-09-09 11:37:09',1,15,'404','Basha | New Burma',1,''),(427,'2010-09-09 11:38:50',1,15,'405','Sridhar | Novellys',1,''),(428,'2010-09-09 14:37:27',1,15,'406','Kathick | Net Impacq',1,''),(429,'2010-09-09 14:37:43',1,15,'407','Nitin | ICICI',1,''),(430,'2010-09-09 14:38:05',1,15,'408','Nokia | Nokia',1,''),(431,'2010-09-09 14:38:38',1,15,'409','Net Links | Net Links',1,''),(432,'2010-09-09 14:39:09',1,15,'410','Janankiraman | Nandine Caterer',1,''),(433,'2010-09-09 14:39:40',1,15,'411','Venkat | Nataraj Exports',1,''),(434,'2010-09-09 14:41:20',1,15,'412','Senthil | Nasscom',1,''),(435,'2010-09-09 14:41:55',1,15,'413','Sundari | National Management of School',1,''),(436,'2010-09-09 14:42:26',1,15,'414','Oberoi Hotels | Oberoi Hotels',1,''),(437,'2010-09-09 14:42:42',1,15,'415','Orchard | Orchard',1,''),(438,'2010-09-09 14:43:11',1,15,'416','Jaishankar | On-Dot courier',1,''),(439,'2010-09-09 14:43:42',1,15,'417','Krishna Murthy | Object frontier',1,''),(440,'2010-09-09 14:44:26',1,15,'418','Ramprasad | Om Sai Name & Sign Board',1,''),(441,'2010-09-09 14:44:49',1,15,'419','Karthick | Odyssey',1,''),(442,'2010-09-09 14:45:43',1,15,'420','Dakshayani | One Source Global',1,''),(443,'2010-09-09 14:46:00',1,15,'421','Nila | Origin',1,''),(444,'2010-09-09 14:59:56',1,15,'422','P.S.Ananthanarayanan | P.S.Ananthanarayanan',1,''),(445,'2010-09-09 15:00:26',1,15,'423','Latha Nath | Pearl International',1,''),(446,'2010-09-09 15:01:19',1,15,'424','Pattabiram | Pattabiram Yoganandh & Ram',1,''),(447,'2010-09-09 15:02:12',1,15,'425','Professional Couriers | Professional Couriers',1,''),(448,'2010-09-09 15:02:55',1,15,'426','Ganesan | PG Xerox',1,''),(449,'2010-09-09 15:25:13',1,15,'427','Senthil | PC 2000',1,''),(450,'2010-09-09 15:29:59',1,15,'428','Prabhu | Prabhu',1,''),(451,'2010-09-09 15:30:30',1,15,'429','Padmanbhan | Padmanbhan',1,''),(452,'2010-09-09 15:30:47',1,15,'430','Pharmacy | Pharmacy',1,''),(453,'2010-09-09 15:34:28',1,15,'431','Sriram Neelakantan | P A Foowear',1,''),(454,'2010-09-09 15:36:05',1,15,'432','Prashant Rai | Prashant Rai',1,''),(455,'2010-09-09 15:36:27',1,15,'433','Prakash  | Prakash Auditor',1,''),(456,'2010-09-09 15:38:52',1,15,'434','Prakash Shah | Prakash Shah',1,''),(457,'2010-09-09 15:39:50',1,15,'435','Yugavel | Primus',1,''),(458,'2010-09-09 15:55:03',1,15,'436','Pizza Hut | Pizza Hut',1,''),(459,'2010-09-09 15:55:23',1,15,'437','Park Sheraton | Park Sheraton',1,''),(460,'2010-09-09 15:55:47',1,15,'438','Swaminathan | Polaris',1,''),(461,'2010-09-09 15:56:51',1,15,'439','Radhakrishnan | Polaris',1,''),(462,'2010-09-09 15:57:42',1,15,'440','Divik Verma | Picopeta Simputers',1,''),(463,'2010-09-09 15:58:05',1,15,'441','T.P.Sampath Kumar | PB Consultancyy',1,''),(464,'2010-09-09 15:58:32',1,15,'442','Packers & Movers | Packers & Movers',1,''),(465,'2010-09-09 15:59:01',1,15,'443','Parijit Guest House | Parijit Guest House',1,''),(466,'2010-09-09 15:59:28',1,15,'444','Rajan | Printer',1,''),(467,'2010-09-09 15:59:50',1,15,'445','PRO | PF Office',1,''),(468,'2010-09-09 16:00:19',1,15,'446','Elango | Pets Control',1,''),(469,'2010-09-09 16:00:44',1,15,'447','Parmalat Australia | Parmalat Australia',1,''),(470,'2010-09-09 16:02:10',1,15,'448','Eswaran/Nisha | Press',1,''),(471,'2010-09-09 16:33:46',1,15,'445','Jayaraman | PF Office',2,'Changed executive_name, mobile_no and fax_no.'),(472,'2010-09-09 16:34:51',1,15,'449','Sasikumar | Parryware - Friendly Services',1,''),(473,'2010-09-09 16:35:14',1,15,'450','Param Consulting | Param Consulting',1,''),(474,'2010-09-09 16:35:53',1,15,'451','Ganesh | Pulse Telesystems',1,''),(475,'2010-09-09 16:36:11',1,15,'452','Pizza Hut | Pizza Hut',1,''),(476,'2010-09-09 16:36:55',1,15,'453','Uma Printer | Printer - Uma Printers',1,''),(477,'2010-09-09 16:37:21',1,15,'454','Murugan | Laser Printers',1,''),(478,'2010-09-09 16:37:39',1,15,'455','Nagaraj | G N Laser',1,''),(479,'2010-09-09 16:37:59',1,15,'456','Henry | Power One',1,''),(480,'2010-09-09 16:39:31',1,15,'457','Venkatesh | Quadsel Systems P L',1,''),(481,'2010-09-09 16:40:19',1,15,'458','Ramesh Srinivasan | Ramesh Srinivasan',1,''),(482,'2010-09-09 16:40:38',1,15,'459','Raja | Raaj Traders',1,''),(483,'2010-09-09 16:41:07',1,15,'460','Radhakrishnan | Radha Enterprises',1,''),(484,'2010-09-09 17:37:43',1,15,'461','Rajesh Chandrasekaran | Rajesh Chandrasekaran',1,''),(485,'2010-09-09 17:38:13',1,15,'462','Ramesh Contractor | Ramesh Contractor',1,''),(486,'2010-09-09 17:38:39',1,15,'463','Rajashekar | Rajashekar',1,''),(487,'2010-09-09 17:39:14',1,15,'464','Ravi | Rane Systems P L',1,''),(488,'2010-09-09 17:39:46',1,15,'465','Hashmukh Jain | Reliable Enterprises',1,''),(489,'2010-09-09 17:42:07',1,15,'466','Rahul Saxena | Rahul Saxena',1,''),(490,'2010-09-09 17:42:32',1,15,'467','Ram & Ram | Ram & Ram',1,''),(491,'2010-09-09 17:42:48',1,15,'468','Dr.Ramamurthy | Dr.Ramamurthy',1,''),(492,'2010-09-09 17:43:06',1,15,'469','Subramaniam | RS & Co',1,''),(493,'2010-09-10 10:02:03',1,15,'470','Rajarathnam | Raj Video Vision',1,''),(494,'2010-09-10 10:02:39',1,15,'471','Rajameesh | Microsoft ',1,''),(495,'2010-09-10 10:03:38',1,15,'472','Rajan Canada | Rajan Canada',1,''),(496,'2010-09-10 10:04:05',1,15,'473','Ravindran Erode | Ravindran Erode',1,''),(497,'2010-09-10 10:04:24',1,15,'474','Rajesh Kamat  | Rajesh Kamat ',1,''),(498,'2010-09-10 10:04:53',1,15,'475','Mohan | R V Electricals ',1,''),(499,'2010-09-10 14:33:26',1,15,'476','Ramesh Muthramalingam | Ramesh Muthramalingam',1,''),(500,'2010-09-10 15:18:45',1,15,'477','Raja Prasad | Raja Prasad (Tharumaraajan Malaysia)',1,''),(501,'2010-09-10 15:19:38',1,15,'478','Ravi Kiran | RK IT Solutions',1,''),(502,'2010-09-10 16:05:48',1,15,'479','Ranil De Silva | Ranil De Silva',1,''),(503,'2010-09-10 16:06:45',1,15,'480','Ram Singh | Ram Singh',1,''),(504,'2010-09-10 16:07:30',1,15,'481','Raghavan | Raghavan (Carlson & Wagon)',1,''),(505,'2010-09-10 16:09:10',1,15,'482','Ralph Woessner | Ralph Woessner',1,''),(506,'2010-09-10 16:09:37',1,15,'483','Radika Nair | Radika Nair',1,''),(507,'2010-09-10 16:10:15',1,15,'484','Rich Cafe | Rich Cafe',1,''),(508,'2010-09-10 16:10:58',1,15,'485','Dr.Rajagopal | Dr.Rajagopal',1,''),(509,'2010-09-10 16:22:07',1,15,'486','Prabhu | R R Industries',1,''),(510,'2010-09-10 16:47:43',1,15,'487','Ram Sri Ram | Arvind Glass',1,''),(511,'2010-09-10 16:48:29',1,15,'488','Ramaa Ganapathy | Ramaa Ganapathy',1,''),(512,'2010-09-10 16:48:49',1,15,'489','Reliance | Reliance',1,''),(513,'2010-09-15 13:58:39',1,15,'490','Ramesh | Ramesh ESELF',1,''),(514,'2010-09-15 13:59:28',1,15,'491','Ramesh | R.A.Enterprises',1,''),(515,'2010-09-15 13:59:56',1,15,'492','Grish | Rex Fashions',1,''),(516,'2010-09-15 14:00:50',1,15,'493','Suresh | Rathna N/W',1,''),(517,'2010-09-15 14:01:41',1,15,'494','Satish | Royal Sundaram',1,''),(518,'2010-09-15 14:02:16',1,15,'495','Rane Holdings Ltd | Rane Holdings Ltd',1,''),(519,'2010-09-15 14:02:20',1,15,'495','Rane Holdings Ltd | Rane Holdings Ltd',2,'No fields changed.'),(520,'2010-09-15 14:03:05',1,15,'496','Yuvaraj | Sai Baba Network Printer',1,''),(521,'2010-09-15 14:03:36',1,15,'497','Hariharan | SBA Computers',1,''),(522,'2010-09-15 14:03:56',1,15,'498','Murali | Shrimsoft P L',1,''),(523,'2010-09-15 14:04:39',1,15,'499','Narayanan | Srishti Consultancy',1,''),(524,'2010-09-15 14:04:58',1,15,'500','Subway-Hotel | Subway-Hotel',1,''),(525,'2010-09-15 14:05:56',1,15,'501','Barani | S.R.Water ',1,''),(526,'2010-09-15 14:06:23',1,15,'502','Student Xerox Guindy | Student Xerox',1,''),(527,'2010-09-15 14:07:01',1,15,'503','Spencer Shopping Complex | Spencer Shopping Complex',1,''),(528,'2010-09-15 14:07:26',1,15,'504','Sampath Kumar | Srivari Tech',1,''),(529,'2010-09-15 14:08:06',1,15,'505','Samsung India Electronics | Samsung India Electronics',1,''),(530,'2010-09-15 14:08:29',1,15,'506','Baskar | Sri Bala Travels',1,''),(531,'2010-09-15 14:09:06',1,15,'507','Srinivasan  | Srinivasan ',1,''),(532,'2010-09-15 14:09:42',1,15,'508','Vijayalakshmi | Scope E Knowledge Centre P L',1,''),(533,'2010-09-15 14:10:16',1,15,'509','Sudha Gopal | Systech Solutions',1,''),(534,'2010-09-15 14:11:16',1,15,'510','Dhananjai | Sports Mechnanics ',1,''),(535,'2010-09-15 14:12:17',1,15,'511','Krishnan | SBI Guindy',1,''),(536,'2010-09-15 14:13:54',1,15,'512','C.Sitaraman & Company | C.Sitaraman & Company',1,''),(537,'2010-09-15 14:15:28',1,15,'513','Gowri Shankar | Sankara College',1,''),(538,'2010-09-15 14:16:06',1,15,'514','Kannappan | Stamper ',1,''),(539,'2010-09-15 14:17:12',1,15,'515','Sterling Resorts | Sterling Resorts',1,''),(540,'2010-09-15 14:18:00',1,15,'516','Tamil  | Sony World',1,''),(541,'2010-09-15 14:18:44',1,15,'517','Shyam Sundar | Shyam Sundar',1,''),(542,'2010-09-15 14:26:19',1,15,'518','Vasan/Shankar | Sahasra Solutions',1,''),(543,'2010-09-15 14:27:23',1,15,'519','Scandent Solutions | Scandent Solutions',1,''),(544,'2010-09-15 14:27:54',1,15,'520','Shanmuga Graphics | Shanmuga Graphics',1,''),(545,'2010-09-15 14:28:29',1,15,'521','Jaishankar | Shankar Sealing System',1,''),(546,'2010-09-15 14:28:49',1,15,'522','Ramdhas | Seetha Printers',1,''),(547,'2010-09-15 14:29:32',1,15,'523','Nandhini/Srinivasan | Share Corp Inc',1,''),(548,'2010-09-15 14:30:18',1,15,'524','Sridhar | N.Sridhar Partner of pattabiram',1,''),(549,'2010-09-15 14:30:38',1,15,'525','Vijay | Soft Solutions',1,''),(550,'2010-09-15 14:31:03',1,15,'526','Suji Fabricators | Suji Fabricators',1,''),(551,'2010-09-15 14:31:52',1,15,'527','S.N.Srikanth | S.N.Srikanth',1,''),(552,'2010-09-15 14:32:24',1,15,'528','Simos Peripherals | Simos Peripherals',1,''),(553,'2010-09-15 14:32:52',1,15,'529','Sudhakar Artist | Sudhakar Artist',1,''),(554,'2010-09-15 14:33:31',1,15,'530','Soundari Power Systems | Soundari Power Systems',1,''),(555,'2010-09-15 14:34:39',1,15,'531','Anita/Ramesh | Scanwell Freight Express',1,''),(556,'2010-09-15 14:35:46',1,15,'532','Sundaresh | Sundaresh',1,''),(557,'2010-09-15 14:38:04',1,15,'533','Swaminathan | SBI',1,''),(558,'2010-09-15 14:38:26',1,15,'534','Sanjeev | Sonny Carpets',1,''),(559,'2010-09-15 14:39:09',1,15,'535','Sharma | Seshi Computers',1,''),(560,'2010-09-15 14:43:33',1,15,'536','Swaminathan TB & Chandrasekhar | Swaminathan TB & Chandrasekhar',1,''),(561,'2010-09-15 14:43:47',1,15,'537','Suri | Suri',1,''),(562,'2010-09-15 14:44:29',1,15,'538','Badrinathan | Sri Venkateswara College of Eng',1,''),(563,'2010-09-15 14:45:19',1,15,'539','Anuja | Soft Tools',1,''),(564,'2010-09-15 14:45:46',1,15,'540','Sridhar | Sri Bhagwan Asso',1,''),(565,'2010-09-15 14:46:26',1,15,'541','Kingsley | SRM Engg College',1,''),(566,'2010-09-15 14:46:51',1,15,'542','Swami Rajagopalan | Swami Rajagopalan',1,''),(567,'2010-09-15 14:47:34',1,15,'543','Sangeetha Restaurant | Sangeetha Restaurant',1,''),(568,'2010-09-15 14:48:49',1,15,'544','Subramanian | Systemathics',1,''),(569,'2010-09-15 14:50:02',1,15,'545','Saravana Bhavan | Saravana Bhavan',1,''),(570,'2010-09-15 14:50:26',1,15,'546','Syeda Beedi | Syeda Beedi',1,''),(571,'2010-09-15 14:50:55',1,15,'547','Sudhakar | Sudhakar',1,''),(572,'2010-09-15 14:51:50',1,15,'548','Sathyam Cinemas | Sathyam Cinemas',1,''),(573,'2010-09-15 14:53:52',1,15,'549','Senthil Kumar | Senthil Kumar',1,''),(574,'2010-09-15 14:54:33',1,15,'550','Mari P | Sterling Infotech',1,''),(575,'2010-09-15 15:10:47',1,15,'551','Dr.Sundarajan | Dr.Sundarajan',1,''),(576,'2010-09-15 15:11:07',1,15,'552','Dr.Sundaram | Dr.Sundaram',1,''),(577,'2010-09-15 15:11:36',1,15,'553','Prabhakar | Saabari Gp pf Companies',1,''),(578,'2010-09-15 15:11:54',1,15,'554','Dr.Suriya | Dr.Suriya',1,''),(579,'2010-09-15 15:12:25',1,15,'555','Satish Murti | Satish Murti',1,''),(580,'2010-09-15 15:13:16',1,15,'556','Shaji ITS Maximo | Shaji ITS Maximo',1,''),(581,'2010-09-15 15:13:56',1,15,'557','Srinath Jagannathan | Srinath Jagannathan',1,''),(582,'2010-09-15 15:14:22',1,15,'558','Rao | Sujja Exports',1,''),(583,'2010-09-15 15:14:48',1,15,'559','Satish  | Satish ',1,''),(584,'2010-09-15 15:15:08',1,15,'560','Shree Muthai | Shree Muthai',1,''),(585,'2010-09-15 15:15:54',1,15,'561','Sajani  | Sajani ',1,''),(586,'2010-09-15 15:16:21',1,15,'562','Senthil Kumar | Senthil Kumar',1,''),(587,'2010-09-15 15:16:46',1,15,'563','SCV Cable | SCV Cable',1,''),(588,'2010-09-15 15:17:43',1,15,'564','Gopal | S.R.Water ',1,''),(589,'2010-09-15 15:18:21',1,15,'565','Sowjaniya\r\n | Sowjaniya',1,''),(590,'2010-09-15 15:18:37',1,15,'566','Soori | Soori',1,''),(591,'2010-09-15 15:19:06',1,15,'567','Shankar Narayanan | Shankar Narayanan',1,''),(592,'2010-09-15 15:19:36',1,15,'568','Shelva Marketing | Shelva Marketing',1,''),(593,'2010-09-15 15:19:54',1,15,'569','Sankaran | Sankaran',1,''),(594,'2010-09-15 15:20:36',1,15,'570','Saiseshan | Saiseshan',1,''),(595,'2010-09-15 15:21:33',1,15,'571','Shaji Abraham | Shaji Abraham',1,''),(596,'2010-09-15 15:22:08',1,15,'572','Sushant Duivedi | Sushant Duivedi',1,''),(597,'2010-09-15 15:22:29',1,15,'573','Saravanan | Saravanan',1,''),(598,'2010-09-15 15:22:54',1,15,'574','Swarnam | Swarna Constructions',1,''),(599,'2010-09-15 15:23:32',1,15,'575','Spanco Innovative Technologies | Spanco Innovative Technologies',1,''),(600,'2010-09-15 15:24:32',1,15,'576','Suriya Sweets | Suriya Sweets',1,''),(601,'2010-09-15 15:25:29',1,15,'577','Sivasubramaniyam | Sri Parvathi Travels',1,''),(602,'2010-09-15 15:25:49',1,15,'578','SIPCOT | SIPCOT',1,''),(603,'2010-09-15 15:26:27',1,15,'579','Srinivasan | Sumanath Florist',1,''),(604,'2010-09-15 15:26:51',1,15,'580','Sukanya Shivakumar | Sukanya Shivakumar',1,''),(605,'2010-09-15 15:27:48',1,15,'580','Sukanya Shivakumar | Sukanya Shivakumar',2,'Changed mobile_no.'),(606,'2010-09-15 15:28:16',1,15,'581','Sri Ayyanar Transport | Sri Ayyanar Transport',1,''),(607,'2010-09-15 15:29:20',1,15,'582','Santosh | Space2let.com',1,''),(608,'2010-09-15 15:29:54',1,15,'583','Senthil | Supreme Bakery',1,''),(609,'2010-09-15 15:30:11',1,15,'584','Sharada | Sharada',1,''),(610,'2010-09-15 15:30:38',1,15,'585','Viswanath | Scientific Advance',1,''),(611,'2010-09-15 15:31:23',1,15,'586','Srikanth | Sigma Travels',1,''),(612,'2010-09-15 15:32:05',1,15,'587','Shashidhharan | Shree Ram Electricals',1,''),(613,'2010-09-15 15:32:32',1,15,'588','Saravanan | Saravanan',1,''),(614,'2010-09-15 15:34:17',1,15,'589','Varadharajan | Sumeru Software',1,''),(615,'2010-09-15 15:35:12',1,15,'590','STPI Chennai | STPI Chennai',1,''),(616,'2010-09-15 15:35:53',1,15,'591','Sekhar Electricain | Sekhar Electricain',1,''),(617,'2010-09-15 15:36:21',1,15,'592','Saravanan | Saravanan',1,''),(618,'2010-09-15 15:37:33',1,15,'593','Supreme Computers | Supreme Computers',1,''),(619,'2010-09-15 15:38:14',1,15,'594','Santham Books Krishnan | Santham Books Krishnan',1,''),(620,'2010-09-15 15:38:56',1,15,'595','Silaram Agencies\r\n | Silaram Agencies',1,''),(621,'2010-09-15 15:39:39',1,15,'596','Lakshmi Ramalingam | Sagar Agencies',1,''),(622,'2010-09-15 15:40:10',1,15,'597','Swaminathan | Swaminathan ',1,''),(623,'2010-09-15 15:43:13',1,15,'598','Srikanth PS | Srikanth PS',1,''),(624,'2010-09-15 15:44:22',1,15,'599','Sumero Software | Sumero Software',1,''),(625,'2010-09-15 15:44:55',1,15,'600','Sonny  | Chennai Sofa Facory',1,''),(626,'2010-09-15 15:45:21',1,15,'601','Sun Printers | Sun Printers',1,''),(627,'2010-09-15 15:45:57',1,15,'602','Siems Info | Siems Info',1,''),(628,'2010-09-15 15:46:24',1,15,'603','Satabachorsh | SAP ',1,''),(629,'2010-09-15 15:46:49',1,15,'603','Satabachorsh | SAP ',2,'No fields changed.'),(630,'2010-09-15 15:58:39',1,15,'604','Umesh Rao | Travel Professional',1,''),(631,'2010-09-15 15:58:57',1,15,'605','Murali | Toppan India',1,''),(632,'2010-09-15 15:59:17',1,15,'606','Manoharan | The New India Assurance',1,''),(633,'2010-09-15 15:59:58',1,15,'607','Trust Marketing | Trust Marketing',1,''),(634,'2010-09-15 16:00:32',1,15,'608','Krishnan | Times Bank',1,''),(635,'2010-09-15 16:01:12',1,15,'609','T.T.Services | T.T.Services',1,''),(636,'2010-09-15 16:01:33',1,15,'610','Sharmi | TVS Printer',1,''),(637,'2010-09-15 16:03:02',1,15,'611','Techlink Inc | Techlink Inc',1,''),(638,'2010-09-15 16:03:36',1,15,'612','Srinivasan | Thermo Lab System',1,''),(639,'2010-09-15 16:04:37',1,15,'613','Feroz | Techno Systems',1,''),(640,'2010-09-15 16:05:29',1,15,'614','Sethumadhavan | Travel Excess ',1,''),(641,'2010-09-15 16:05:57',1,15,'615','Lakshmi | Tovya Automation',1,''),(642,'2010-09-15 16:14:44',1,15,'616','Dhanasekhar | TI Tubes India',1,''),(643,'2010-09-15 16:15:20',1,15,'617','Tharum | Trax Media ',1,''),(644,'2010-09-15 16:15:58',1,15,'618','Saravanan | Thesys',1,''),(645,'2010-09-15 16:16:22',1,15,'619','Jagananthan | TV Real Estates',1,''),(646,'2010-09-15 16:17:05',1,15,'620','Jayachandran | Trinity Aarte Care',1,''),(647,'2010-09-15 16:17:54',1,15,'621','Temple Bay | Temple Bay',1,''),(648,'2010-09-15 16:17:56',1,15,'622','Temple Bay | Temple Bay',1,''),(649,'2010-09-15 16:19:18',1,15,'623','Ravi | Tekstrom Infotech P L',1,''),(650,'2010-09-15 16:21:55',1,15,'624','TDS Consultant | TDS Consultant',1,''),(651,'2010-09-15 16:22:38',1,15,'625','Technosoft Information Tech | Technosoft Information Tech',1,''),(652,'2010-09-15 16:23:45',1,15,'626','Feroz | Techsoft Solutions',1,''),(653,'2010-09-15 16:24:41',1,15,'627','Total Presentation Devices P Ltd | Total Presentation Devices P Ltd',1,''),(654,'2010-09-15 16:25:00',1,15,'628','Arun | Turic Software ',1,''),(655,'2010-09-15 16:38:46',1,15,'629','Thulasiraman LIC | Thulasiraman LIC',1,''),(656,'2010-09-15 16:45:59',1,15,'630','Karthick | Tekstrom Infotech P L',1,''),(657,'2010-09-15 16:46:34',1,15,'631','Chandrasekhar | Tejas Brainware System P L',1,''),(658,'2010-09-15 16:47:10',1,15,'632','T.S.Venkatakrishnan | T.S.Venkatakrishnan',1,''),(659,'2010-09-15 16:47:37',1,15,'633','TVS Sundaram Motors | TVS Sundaram Motors',1,''),(660,'2010-09-15 16:48:12',1,15,'634','Onsite Building Manager | Toronto Apartment',1,''),(661,'2010-09-15 16:48:36',1,15,'635','Suresh | Tata Teleservices',1,''),(662,'2010-09-15 16:49:19',1,15,'636','Anupan Giri | A to Z IPR Services ',1,''),(663,'2010-09-15 16:49:58',1,15,'637','Vetrivel | Amazon Catering Services',1,''),(664,'2010-09-15 16:50:58',1,15,'638','Deva | USAM',1,''),(665,'2010-09-15 16:52:17',1,15,'639','Kripa | Ungal Info',1,''),(666,'2010-09-15 16:52:52',1,15,'640','Sumesh Kathri | Unimech Engineer ',1,''),(667,'2010-09-15 16:53:09',1,15,'641','UPS | UPS ',1,''),(668,'2010-09-15 16:53:39',1,15,'642','Kannan | United Visa Services',1,''),(669,'2010-09-15 16:54:16',1,15,'643','Jeyavel | Universal Communication',1,''),(670,'2010-09-15 16:54:39',1,15,'644','US Software | US Software',1,''),(671,'2010-09-15 16:56:47',1,15,'645','Ashwin | Union Dell Group',1,''),(672,'2010-09-15 16:57:09',1,15,'646','Updater Services | Updater Services',1,''),(673,'2010-09-15 16:57:39',1,15,'647','Sundari | US Tech',1,''),(674,'2010-09-15 16:58:55',1,15,'648','Usha Srinivasan | Usha Srinivasan',1,''),(675,'2010-09-15 17:02:00',1,15,'649','Venkatesh B B | Venkatesh B B',1,''),(676,'2010-09-15 17:02:30',1,15,'650','Vasavi Balai | Vasavi Balai',1,''),(677,'2010-09-15 17:05:37',1,15,'651','Versatile Infotech | Versatile Infotech',1,''),(678,'2010-09-15 17:09:20',1,15,'652','Venkatesan  HDFC Br.Manager | Venkatesan ',1,''),(679,'2010-09-15 17:09:49',1,15,'653','Vije & Company | Vije & Company',1,''),(680,'2010-09-15 17:10:15',1,15,'654','Vijay Pani | Vijay Pani',1,''),(681,'2010-09-15 17:10:38',1,15,'655','Venkatesh VMV | Venkatesh VMV',1,''),(682,'2010-09-15 17:11:25',1,15,'656','Viswanathan Craftman Engineering | Viswanathan Craftman Engineering',1,''),(683,'2010-09-15 17:11:57',1,15,'657','Venkatesh | Venkatesh ',1,''),(684,'2010-09-15 17:13:02',1,15,'658','Vandana Gopikumar | Vandana Gopikumar -Banyan',1,''),(685,'2010-09-15 17:13:29',1,15,'659','Vaishnavi Jaykumar | Vaishnavi Jaykumar-Banyan',1,''),(686,'2010-09-15 17:13:44',1,15,'660','Vellodi | Vellodi',1,''),(687,'2010-09-15 17:25:33',1,15,'661','Venkatesh | Venkatesh ',1,''),(688,'2010-09-15 17:26:17',1,15,'662','Vidya Mandir  | Vidya Mandir ',1,''),(689,'2010-09-15 17:26:44',1,15,'663','Vinod Kumaar | Vinod Kumaar',1,''),(690,'2010-09-15 17:27:55',1,15,'664','S.Mohan | Vyosoft BG Technologies',1,''),(691,'2010-09-15 17:28:19',1,15,'665','Vasudevan & Associates | Vasudevan & Associates',1,''),(692,'2010-09-15 17:28:40',1,15,'666','Vijayalakshmi | Vijayalakshmi',1,''),(693,'2010-09-15 17:29:03',1,15,'667','Vinod Kumar | Vinod Kumar',1,''),(694,'2010-09-16 11:58:28',1,15,'668','Malathi | VSNL ',1,''),(695,'2010-09-16 11:59:30',1,15,'669','Murali | Veeras Infotech',1,''),(696,'2010-09-16 12:00:14',1,15,'670','Umesh | Visa Professionals',1,''),(697,'2010-09-16 12:06:26',1,15,'671','Srinath Jayaram | Visteon',1,''),(698,'2010-09-16 12:07:20',1,15,'672','Devarajan | Vispark Solutions Coimbatore',1,''),(699,'2010-09-16 12:07:45',1,15,'673','Shankar | Visions India',1,''),(700,'2010-09-16 12:08:10',1,15,'674','Subramaniam | Vijay Home Appliances',1,''),(701,'2010-09-16 12:09:31',1,15,'675','Gautam  | Vyapin software ',1,''),(702,'2010-09-16 12:10:15',1,15,'676','Vohra | Vohra Consultancy',1,''),(703,'2010-09-16 12:11:00',1,15,'677','Varadharaju | Advent Net Develop Centre',1,''),(704,'2010-09-16 12:11:40',1,15,'678','Ranganathan | Vidyarambam Trust',1,''),(705,'2010-09-16 12:12:04',1,15,'679','Vinod Pathangay | Vinod Pathangay',1,''),(706,'2010-09-16 12:12:25',1,15,'680','Dr.Vasanth | Dr.Vasanth',1,''),(707,'2010-09-16 12:12:54',1,15,'681','VFS UK | VFS UK',1,''),(708,'2010-09-16 12:13:15',1,15,'682','VFS US | VFS US',1,''),(709,'2010-09-16 12:13:39',1,15,'683','VFS CANADA | VFS CANADA',1,''),(710,'2010-09-16 12:13:59',1,15,'684','VFS DUBAI | VFS DUBAI',1,''),(711,'2010-09-16 12:14:45',1,15,'685','Dr.Venkat Srinivasan | Dr.Venkat Srinivasan',1,''),(712,'2010-09-16 12:15:29',1,15,'686','Virtusa India Pvt Ltd | Virtusa India Pvt Ltd',1,''),(713,'2010-09-16 12:16:09',1,15,'687','Narasimhalu | Veeras Infotech',1,''),(714,'2010-09-16 12:17:17',1,15,'688','Vellara Tours & Travels | Vellara Tours & Travels',1,''),(715,'2010-09-16 12:17:49',1,15,'689','Neema | Veekay Agencies',1,''),(716,'2010-09-16 12:18:40',1,15,'690','Rajkumar | VKC Credits & Forex Services',1,''),(717,'2010-09-16 12:28:18',1,5,'4','reeba.r',1,''),(718,'2010-09-16 12:29:45',1,5,'4','reeba.r',2,'Changed first_name, last_name, email, is_staff and user_permissions.'),(719,'2010-09-16 12:30:01',1,5,'5','guest',1,''),(720,'2010-09-16 12:30:41',1,5,'5','guest',2,'Changed is_staff.'),(721,'2010-09-16 14:34:37',1,15,'691','N.S.Viswanathan | SLV Engineers ',1,''),(722,'2010-09-16 14:35:11',1,15,'692','Magesh | Voltas',1,''),(723,'2010-09-16 14:35:31',1,15,'693','Vijaya Book House  | Vijaya Book House ',1,''),(724,'2010-09-16 14:35:36',1,15,'693','Vijaya Book House  | Vijaya Book House ',2,'No fields changed.'),(725,'2010-09-16 14:35:58',1,15,'694','Varalakshmi | Varalakshmi Catering',1,''),(726,'2010-09-16 14:36:32',1,15,'695','Vidhya Padmanabhan | Vidhya Padmanabhan',1,''),(727,'2010-09-16 14:37:01',1,15,'696','Aravindan | Webulagam.Com',1,''),(728,'2010-09-16 14:37:39',1,15,'697','Madanraj | WVI',1,''),(729,'2010-09-16 14:38:10',1,15,'698','Sethumadhavan | Wipro Technologies ',1,''),(730,'2010-09-16 14:39:13',1,15,'699','Balaji | Webex Communications India Pvt Ltd',1,''),(731,'2010-09-16 14:39:52',1,15,'700','Balraj | WP Publisher',1,''),(732,'2010-09-16 14:42:27',1,15,'701','Shanthi | WVI',1,''),(733,'2010-09-16 14:46:29',1,15,'702','Wheitstone Productions | Wheitstone Productions',1,''),(734,'2010-09-16 14:47:03',1,15,'703','Venkat | Welcare Services',1,''),(735,'2010-09-16 14:48:31',1,15,'704','Manoj | Yoganandh & Ram ',1,''),(736,'2010-09-16 14:49:09',1,15,'705','Pattabiram | YSI',1,''),(737,'2010-09-16 14:49:52',1,15,'706','Vinod | Yash Technologies',1,''),(738,'2010-09-16 14:50:19',1,15,'707','Sridhar | Yoganandh & Ram ',1,''),(739,'2010-09-16 14:50:55',1,15,'708','Balu | EBPX Telephone',1,''),(740,'2010-09-16 14:52:17',1,15,'709','Prem | RR Industries',1,''),(741,'2010-09-16 14:53:48',1,15,'710','Rajalakshmi | STPI Bangalore',1,''),(742,'2010-09-16 14:57:04',1,12,'4','Telephone',1,''),(743,'2010-09-16 14:57:08',1,15,'708','Balu | EBPX Telephone',2,'Changed business_nature.'),(744,'2010-09-16 14:58:46',1,15,'139','Air Travel Enterpriises | Air Travel Enterpriises',2,'Changed tel_no.'),(745,'2010-09-16 14:59:04',1,12,'5','Travel',1,''),(746,'2010-09-16 14:59:07',1,15,'139','Air Travel Enterpriises | Air Travel Enterpriises',2,'Changed business_nature.'),(747,'2010-09-16 14:59:25',1,12,'6','Hotels',1,''),(748,'2010-09-16 14:59:27',1,15,'18','Airport Hotel | Airport Hotel',2,'Changed business_nature.'),(749,'2010-09-16 14:59:50',1,12,'7','Refreshment',1,''),(750,'2010-09-16 14:59:54',1,15,'180','Aishwarya | Fresh & Honest ',2,'Changed business_nature.'),(751,'2010-09-16 15:00:21',1,12,'8','Printing ',1,''),(752,'2010-09-16 15:00:22',1,15,'237','Ajit | ID Tag Systems',2,'Changed business_nature.'),(753,'2010-09-16 15:00:52',1,12,'9','Trade Mark',1,''),(754,'2010-09-16 15:00:54',1,15,'636','Anupan Giri | A to Z IPR Services ',2,'Changed business_nature.'),(755,'2010-09-16 15:01:15',1,12,'10','Hospital',1,''),(756,'2010-09-16 15:01:17',1,15,'12','Apollo Hospitals | Apollo Hospitals',2,'Changed business_nature.'),(757,'2010-09-16 15:01:37',1,15,'11','Apollo Surgical Ltd | Apollo Surgical Ltd',2,'Changed business_nature.'),(758,'2010-09-16 15:01:57',1,15,'98','Arun | Convex Studio',2,'Changed business_nature.'),(759,'2010-09-16 15:02:26',1,12,'11','Bank',1,''),(760,'2010-09-16 15:02:29',1,15,'261','Athiyaman | ICICI Private Banking',2,'Changed business_nature.'),(761,'2010-09-16 15:04:23',1,12,'12','Consultancy',1,''),(762,'2010-09-16 15:04:26',1,15,'14','Lakshmi | Avtar Career Creators',2,'Changed business_nature.'),(763,'2010-09-16 15:04:49',1,15,'20','CCC | American Express Credit Card- Corporate',2,'Changed business_nature.'),(764,'2010-09-16 15:05:44',1,12,'13','Call Taxi',1,''),(765,'2010-09-16 15:05:47',1,15,'32','Taxi Driver | Barathi Call Taxi',2,'Changed business_nature.'),(766,'2010-09-16 15:06:08',1,15,'150','Balachandar | Eurocorp Security',2,'Changed business_nature.'),(767,'2010-09-16 15:06:30',1,15,'81','DGM | Chennai Telephones',2,'Changed business_nature.'),(768,'2010-09-16 15:07:18',1,15,'226','Barani | Hindustan Lever Ltd',2,'Changed business_nature.'),(769,'2010-09-16 15:07:46',1,15,'501','S.R.Water | S.R.Water ',2,'Changed executive_name, mobile_no and business_nature.'),(770,'2010-09-16 15:08:30',1,15,'506','Baskar | Sri Bala Travels',2,'Changed business_nature.'),(771,'2010-09-16 15:09:04',1,15,'231','Bargavi | ICICI Nungambakkam',2,'Changed business_nature.'),(772,'2010-09-23 10:41:18',1,15,'711','Arvind Subramaniam | Arvind Subramaniam',1,''),(773,'2010-09-23 10:41:52',1,15,'712','Nirmala Krishna Kumar | Nirmala Krishna Kumar',1,''),(774,'2010-09-23 10:43:33',1,15,'713','Yovana Mourghen | Express by Holiday Inn Brussels Airport',1,''),(775,'2010-09-23 10:44:50',1,15,'714','Jayanthi Krishnan-Relationship Manager - Priority Banking | Axis Bank Ltd',1,''),(776,'2010-09-23 10:45:31',1,15,'715','JEFFREYTAY | HERITAGE MANAGEMENT SERVICES SDN. BHD',1,''),(777,'2010-09-23 10:46:27',1,15,'716','Jeyanthan Sundaralingam | SriLankan Airlines ',1,''),(778,'2010-09-23 10:48:06',1,15,'717','Garima Mehra | Kingfisher Airlines',1,''),(779,'2010-09-23 10:49:01',1,15,'718','Neelakandan P  | Axis Bank Ltd',1,''),(780,'2010-09-23 10:50:29',1,15,'719','V.Pushparaj | Prudent Insurance Brokers Pvt. Ltd.',1,''),(781,'2010-09-23 10:51:18',1,15,'720','E.V.Ramanathan | Prudent Insurance Brokers Pvt. Ltd.',1,''),(782,'2010-09-23 10:52:34',1,15,'721','Remya.S | Prudent Insurance Brokers Pvt. Ltd.',1,''),(783,'2010-09-23 10:53:33',1,15,'722','Christopher | Ideal Group of Resorts  ',1,''),(784,'2010-09-23 10:54:22',1,15,'723','Minal Kalel | Ginger Hotels Pune',1,''),(785,'2010-09-23 10:56:54',1,15,'724','Sukanya Ramanujan  | British Deputy High Commission',1,''),(786,'2010-09-23 10:57:32',1,15,'725','CA Vaira Mutthu K | VENKATESH & CO.,',1,''),(787,'2010-09-23 10:58:16',1,15,'726','Vinu.V | Canon India Pvt Ltd',1,''),(788,'2010-09-23 10:59:15',1,15,'727','Teresa (Terry) Benjamin | JPR USA',1,''),(789,'2010-09-23 11:03:35',1,15,'728','Meenakshi Menon | Prudent Insurance Brokers Pvt. Ltd.',1,''),(790,'2010-09-23 11:13:22',1,15,'728','Meenakshi Menon | Prudent Insurance Brokers Pvt. Ltd.',2,'Changed mobile_no.'),(791,'2010-09-27 14:00:19',1,15,'729','Hotel Le Royal Meridien | Hotel Le Royal Meridien',1,''),(792,'2010-09-27 14:00:51',1,15,'730','Hotel Park Sheraton | Hotel Park Sheraton',1,''),(793,'2010-09-27 14:01:22',1,15,'731','Hotel Lemon Tree | Hotel Lemon Tree',1,''),(794,'2010-09-27 14:02:12',1,15,'732','Hotel The Trident | Hotel The Trident',1,''),(795,'2010-09-27 14:02:34',1,15,'733','Hotel Radission | Hotel Radission',1,''),(796,'2010-09-27 14:05:27',1,15,'734','Adyar Times | Adyar Times',1,''),(797,'2010-09-27 14:06:22',1,15,'735','Tata Sky  | Tata Sky',1,''),(798,'2010-09-27 14:07:24',1,15,'736','Hemalatha | Gupta & Sons',1,''),(799,'2010-09-27 14:12:02',1,15,'177','S.N.SRIKANTH | FIFTH ESTATE',2,'Changed tel_no, fax_no and email.'),(800,'2010-09-27 14:12:57',1,15,'737','Apollo Service Apartment  | Apollo Service Apartment ',1,''),(801,'2010-09-27 14:13:19',1,15,'738','Kings Service Apartment  | Kings Service Apartment ',1,''),(802,'2010-09-27 14:13:39',1,15,'739','Lotus Service Apartment  | Lotus Service Apartment ',1,''),(803,'2010-09-27 14:14:11',1,15,'740','Star City Service Apartment  | Star City Service Apartment ',1,''),(804,'2010-09-27 14:14:43',1,15,'741','Malles Manotaa Service Apartment  | Malles Manotaa Service Apartment ',1,''),(805,'2010-09-27 14:15:10',1,15,'742','Blossoms Service Apartment  | Blossoms Service Apartment ',1,''),(806,'2010-09-27 14:16:21',1,15,'743','Mrs.Chandru | Guindy Service Apartment ',1,''),(807,'2010-09-27 14:16:53',1,15,'744','NPL\'s Nest Service Apartment | NPL\'s Nest Service Apartment',1,''),(808,'2010-09-27 16:13:59',1,15,'745','Chandrasekhar | Lions Blood Bank',1,''),(809,'2010-09-27 16:14:15',1,15,'745','Chandrasekhar | Lions Blood Bank',2,'Changed email.'),(810,'2010-10-01 14:38:02',1,15,'746','Joy Koruthu | HR India',1,''),(811,'2010-10-01 14:39:06',1,15,'747','Saravanan.R.G. | Everest Consulting Group of India pvt Limited',1,''),(812,'2010-10-01 14:39:55',1,15,'748','Viswanathan A | Infycareer Pvt. Ltd',1,''),(813,'2010-10-01 14:42:06',1,15,'749','Veena | AVTAR CAREER CREATORS',1,''),(814,'2010-10-01 14:43:09',1,15,'750','Archana Dubey | NICCO VENTURES LIMITED',1,''),(815,'2010-10-01 14:43:44',1,15,'751','Amita Mehta | Spearhead InterSearch',1,''),(816,'2010-10-01 14:46:21',1,16,'4','Bangalore | India',1,''),(817,'2010-10-01 14:46:46',1,16,'5',' | India',1,''),(818,'2010-10-01 14:47:32',1,16,'6',' | India',1,''),(819,'2010-10-01 14:47:59',1,16,'7',' | India',1,''),(820,'2010-10-01 14:50:09',1,16,'8',' | India',1,''),(821,'2010-10-07 12:11:22',1,15,'157','Ragini Reddy | Exemplarr world wide ',2,'Changed mobile_no.'),(822,'2010-10-07 12:11:39',1,15,'157','Rajini Reddy | Exemplarr world wide ',2,'Changed executive_name.'),(823,'2010-10-08 11:59:14',1,16,'9',' | India',1,''),(824,'2010-10-21 16:40:50',1,15,'752','Miss Mai Mak | Kinnair and Company',1,''),(825,'2010-10-28 10:21:54',1,15,'753','Mohan Kumar Subramanyam | Kumaran Systems Pvt Ltd',1,''),(826,'2010-10-28 10:22:57',1,16,'10','chennai | India',1,''),(827,'2010-10-28 11:55:28',1,15,'753','Mohan Kumar Subramanyam | Kumaran Systems Pvt Ltd',2,'Changed mobile_no.'),(828,'2010-12-30 10:24:22',1,12,'14','Forex ',1,''),(829,'2010-12-30 10:30:08',1,12,'15','House Keeping',1,''),(830,'2010-12-30 10:30:28',1,12,'16','Office Suppliers',1,''),(831,'2010-12-30 10:30:38',1,15,'128','Balaji | Dhanush Enterprises',2,'Changed business_nature.'),(832,'2010-12-30 10:31:24',1,12,'17','Credit Card',1,''),(833,'2010-12-30 10:31:33',1,15,'20','CCC | American Express Credit Card- Corporate',2,'Changed business_nature.'),(834,'2010-12-30 10:32:00',1,12,'18','Trust',1,''),(835,'2010-12-30 10:32:27',1,15,'23','Maslyne | Banyan',2,'Changed business_nature.'),(836,'2010-12-30 10:32:55',1,15,'33','Sri S | BPL Telecom P LTD',2,'Changed business_nature.'),(837,'2010-12-30 10:33:33',1,12,'19','Internet',1,''),(838,'2010-12-30 10:33:41',1,15,'699','Balaji | Webex Communications India Pvt Ltd',2,'Changed business_nature.'),(839,'2010-12-30 10:34:05',1,15,'404','Basha | New Burma',2,'Changed business_nature.'),(840,'2010-12-30 10:34:27',1,15,'42','BG Enterprises | BG Enterprises',2,'Changed business_nature.'),(841,'2010-12-30 10:35:36',1,15,'95','Call Taxi | Chennai Call Taxi',2,'Changed business_nature.'),(842,'2010-12-30 12:21:31',1,15,'754','Marg Ltd | Marg Ltd',1,''),(843,'2010-12-30 12:22:53',1,16,'11','chennai | India',1,''),(844,'2011-01-05 15:08:07',1,16,'12',' | None',1,''),(845,'2011-01-05 15:08:42',1,16,'13',' | None',1,''),(846,'2011-01-05 15:08:45',1,16,'13',' | None',2,'No fields changed.'),(847,'2011-01-05 15:09:12',1,16,'14',' | None',1,''),(848,'2011-01-05 15:09:32',1,16,'15',' | None',1,''),(849,'2011-01-05 15:09:59',1,16,'16',' | None',1,''),(850,'2011-01-05 15:11:27',1,15,'755','Mr. Chandrasekharan  | INFY Career Private Ltd',1,''),(851,'2011-01-05 15:12:48',1,16,'17',' | None',1,''),(852,'2011-01-05 15:13:16',1,16,'18',' | None',1,''),(853,'2011-01-05 15:14:19',1,15,'756','Rajalakshmi | SPTI Bangalore ',1,''),(854,'2011-01-05 15:15:49',1,15,'756','Mrs. and Mr. S. Tendulkar        | Mrs. and Mr. S. Tendulkar       ',2,'Changed company_name and executive_name.'),(855,'2011-01-05 15:16:12',1,16,'19',' | None',1,''),(856,'2011-01-05 15:16:27',1,16,'20',' | None',1,''),(857,'2011-01-05 15:17:02',1,15,'757','S. Balasubramaniam | S. Balasubramaniam',1,''),(858,'2011-01-05 15:17:45',1,16,'21',' | None',1,''),(859,'2011-01-05 15:18:13',1,15,'758','P.W.C. Davidar IAS | P.W.C. Davidar IAS',1,''),(860,'2011-01-05 15:18:26',1,16,'22',' | None',1,''),(861,'2011-01-05 15:19:06',1,15,'759','S. Ramakrishnan | SportsMechanics India Pvt Ltd ',1,''),(862,'2011-01-05 15:20:02',1,16,'23',' | None',1,''),(863,'2011-01-05 15:21:53',1,15,'760','Tomosaburo Okabe    | Nissan Motor Company Ltd          ',1,''),(864,'2011-01-05 15:22:12',1,16,'24',' | None',1,''),(865,'2011-01-05 15:23:51',1,15,'40','Subramaniam | Tychon Solution (P) Ltd',2,'Changed company_name.'),(866,'2011-01-05 15:24:09',1,16,'25',' | None',1,''),(867,'2011-01-05 15:24:58',1,16,'26',' | None',1,''),(868,'2011-01-05 15:28:27',1,16,'27',' | None',1,''),(869,'2011-01-05 15:59:47',1,16,'28',' | None',1,''),(870,'2011-01-05 16:02:52',1,15,'422','P.A. Padmanabhan    | P.A. Padmanabhan   ',2,'Changed company_name, executive_name, mobile_no and tel_no.'),(871,'2011-01-05 16:03:16',1,16,'28',' | None',2,'Changed address.'),(872,'2011-01-05 16:03:32',1,16,'29',' | None',1,''),(873,'2011-01-05 16:04:11',1,16,'30',' | None',1,''),(874,'2011-01-05 16:04:38',1,16,'31',' | None',1,''),(875,'2011-01-05 16:06:26',1,15,'754','G.V. K. Reddy, Marg | Marg Ltd',2,'Changed executive_name.'),(876,'2011-01-05 16:07:39',1,16,'32',' | None',1,''),(877,'2011-01-05 16:08:05',1,15,'761','Dr. K. A. Padmanabhan | Dr. K. A. Padmanabhan',1,''),(878,'2011-01-05 16:08:37',1,16,'33',' | None',1,''),(879,'2011-01-05 16:09:36',1,15,'762','P.V.Jaishankar | Fintech ',1,''),(880,'2011-01-05 16:09:58',1,16,'34',' | None',1,''),(881,'2011-01-05 16:10:12',1,15,'763','Dr. V. Raghunathan                      | Dr. V. Raghunathan                     ',1,''),(882,'2011-01-05 16:10:31',1,16,'35',' | None',1,''),(883,'2011-01-06 17:47:56',1,15,'764','Nilesh | Alpha Office Solutions',1,''),(884,'2011-01-28 10:31:07',1,15,'390','Guru Rao | Mentoris ',2,'Changed mobile_no.'),(885,'2011-03-09 12:10:53',1,15,'765','K. KARTHIKEYAN | UNIMECH SYSTEMS (CHENNAI) PVT LTD',1,''),(886,'2011-03-09 12:12:01',1,16,'36',' | None',1,''),(887,'2011-03-21 12:33:29',1,15,'636','Raghavendra Poojary – Branch Head | A to Z IPR Services ',2,'Changed executive_name and mobile_no.'),(888,'2011-03-21 12:34:08',1,16,'37',' | None',1,''),(889,'2011-03-21 12:35:07',1,16,'38',' | None',1,''),(890,'2011-03-29 15:19:11',1,15,'766','Nitin | RBS ',1,''),(891,'2011-04-25 09:44:53',1,15,'767','Prabhu | RR 4 ',1,''),(892,'2011-04-25 09:45:19',1,15,'768','Muthukumar | RR 4',1,''),(893,'2011-06-14 16:58:45',1,15,'718','Neelakandan P  | Axis Bank Ltd',2,'No fields changed.'),(894,'2011-06-14 16:59:32',1,15,'769','Sheik Mohammad -SALARY AC | Axis Bank Ltd',1,''),(895,'2011-06-14 17:04:53',1,15,'770','Prasad - Forex  | Axis Bank Ltd',1,''),(896,'2011-06-14 17:10:46',1,15,'771','Ankaiah  | Abhilash Service -Housekeeping services',1,''),(897,'2011-06-14 17:12:01',1,15,'772','Kanthimathi -Relationship Manager | Axis Bank Ltd',1,''),(898,'2011-07-18 17:44:08',1,16,'39',' | None',1,''),(899,'2011-08-16 16:13:47',1,16,'40','Mumbai | India',1,''),(900,'2011-08-30 15:33:28',1,15,'773','Colin Mak | Kinnair and Company',1,''),(901,'2011-08-30 15:35:14',1,16,'41',' | United Kingdom of Great Britain and Northern Ireland',1,''),(902,'2011-09-15 11:39:06',1,15,'774','Sandhya Shekhar  | IIT Madras Research Park',1,''),(903,'2011-09-15 11:40:56',1,16,'42',' | India',1,''),(904,'2011-09-15 17:07:42',1,15,'775','Susheel Kumar | AXIS Bank',1,''),(905,'2011-09-15 17:08:03',1,15,'776','Sukanya  | AXIS Bank',1,''),(906,'2011-09-15 17:09:16',1,15,'777','Balaji.B-Retail Forex & Remittances  | Axis Bank Ltd ',1,''),(907,'2011-09-15 17:09:45',1,15,'778','Daisy Bayan-Salary A/C | AXIS Bank',1,''),(908,'2011-09-15 17:10:09',1,15,'779','N Sheikh Mohammed | AXIS Bank',1,''),(909,'2011-09-15 17:10:29',1,15,'780','G Purushothaman | AXIS Bank',1,''),(910,'2011-09-15 17:11:12',1,15,'781','M.Giridharan | ISS SDB Security Services  Pvt. Ltd.',1,''),(911,'2011-09-15 17:12:16',1,15,'782','Sushma Krishna | Quadrasystems.net (India) Private Limited  ',1,''),(912,'2011-09-15 17:13:03',1,15,'783','Ajith /Neema | ID Tag Systems',1,''),(913,'2011-09-15 17:16:57',1,15,'784','Mohan | Transcorp International Ltd. ',1,''),(914,'2011-09-15 17:16:58',1,15,'785','Mohan | Transcorp International Ltd. ',1,''),(915,'2011-09-15 17:17:54',1,15,'786','Senthilvel | Keerthi Communication Systems (Mathangi Enterprises)',1,''),(916,'2011-09-15 17:34:36',1,15,'787','Space2Host Web Services Pvt. Ltd | Space2Host Web Services Pvt. Ltd',1,''),(917,'2011-09-15 17:37:19',1,15,'788','Swarna Gowri. S | ICICI Bank Ltd',1,''),(918,'2011-09-22 14:48:15',1,11,'3','Strategy & Marketing ISV & Developer Relations',1,''),(919,'2011-09-22 14:49:40',1,15,'789','VIMAL R ABRAHAM | IBM INDIA',1,''),(920,'2011-09-22 14:56:39',1,16,'43','Chennai | India',1,''),(921,'2011-10-10 12:56:18',1,15,'790','Sudha | Prudent Insurance brokers Limited',1,''),(922,'2011-10-11 12:35:07',1,15,'44','Binder Ramalingam | Binder Ramalingam',2,'Changed mobile_no.'),(923,'2011-12-07 15:42:55',1,15,'791','Sujatha Ravishanker | Indo-American Chamber of Commerce',1,''),(924,'2011-12-07 16:03:08',1,15,'791','Sujatha Ravishanker | Indo-American Chamber of Commerce',2,'Changed mobile_no, tel_no and email.'),(925,'2011-12-14 21:37:05',1,15,'649','Venkatesh B B | Venkatesh B B',2,'Changed mobile_no.'),(926,'2012-02-07 16:57:51',1,15,'792','telesis | telesis',1,''),(927,'2012-04-17 00:45:27',1,15,'793',' S N SRIKANTH | FIFTH ESTATE',1,''),(928,'2012-04-17 00:51:23',1,16,'44',' | India',1,''),(929,'2012-04-27 01:56:34',1,15,'785','Mohan | Transcorp International Ltd. ',2,'Changed mobile_no.'),(930,'2012-05-07 06:37:42',1,16,'18',' | None',2,'Changed address.');
/*!40000 ALTER TABLE `django_admin_log` ENABLE KEYS */;
UNLOCK TABLES;

--
-- Table structure for table `django_content_type`
--

DROP TABLE IF EXISTS `django_content_type`;
/*!40101 SET @saved_cs_client     = @@character_set_client */;
/*!40101 SET character_set_client = utf8 */;
CREATE TABLE `django_content_type` (
  `id` int(11) NOT NULL AUTO_INCREMENT,
  `name` varchar(100) NOT NULL,
  `app_label` varchar(100) NOT NULL,
  `model` varchar(100) NOT NULL,
  PRIMARY KEY (`id`),
  UNIQUE KEY `app_label` (`app_label`,`model`)
) ENGINE=MyISAM AUTO_INCREMENT=17 DEFAULT CHARSET=latin1;
/*!40101 SET character_set_client = @saved_cs_client */;

--
-- Dumping data for table `django_content_type`
--

LOCK TABLES `django_content_type` WRITE;
/*!40000 ALTER TABLE `django_content_type` DISABLE KEYS */;
INSERT INTO `django_content_type` VALUES (1,'bookmark','menu','bookmark'),(2,'dashboard preferences','dashboard','dashboardpreferences'),(3,'permission','auth','permission'),(4,'group','auth','group'),(5,'user','auth','user'),(6,'message','auth','message'),(7,'content type','contenttypes','contenttype'),(8,'session','sessions','session'),(9,'site','sites','site'),(10,'log entry','admin','logentry'),(11,'designation','lookup','designation'),(12,'business nature','lookup','businessnature'),(13,'Country','countries','country'),(14,'US State','countries','usstate'),(15,'contact info','contact_info','contact_info'),(16,'address','address','address');
/*!40000 ALTER TABLE `django_content_type` ENABLE KEYS */;
UNLOCK TABLES;

--
-- Table structure for table `django_session`
--

DROP TABLE IF EXISTS `django_session`;
/*!40101 SET @saved_cs_client     = @@character_set_client */;
/*!40101 SET character_set_client = utf8 */;
CREATE TABLE `django_session` (
  `session_key` varchar(40) NOT NULL,
  `session_data` longtext NOT NULL,
  `expire_date` datetime NOT NULL,
  PRIMARY KEY (`session_key`)
) ENGINE=MyISAM DEFAULT CHARSET=latin1;
/*!40101 SET character_set_client = @saved_cs_client */;

--
-- Dumping data for table `django_session`
--

LOCK TABLES `django_session` WRITE;
/*!40000 ALTER TABLE `django_session` DISABLE KEYS */;
INSERT INTO `django_session` VALUES ('4156d1b1c080c342d6fbe66ac4eef80a','gAJ9cQFVCnRlc3Rjb29raWVxAlUGd29ya2VkcQNzLjI0YzRkYTM2YjdlOGJjMDNiMDI2NDQzMzhk\nZGVhZDYy\n','2010-08-04 12:24:58'),('86b47ba83b1e01e691cd93f52f00117b','gAJ9cQEoVRJfYXV0aF91c2VyX2JhY2tlbmRxAlUpZGphbmdvLmNvbnRyaWIuYXV0aC5iYWNrZW5k\ncy5Nb2RlbEJhY2tlbmRxA1UNX2F1dGhfdXNlcl9pZHEEigEBdS41OThkYzdlMTI3MTk2NzUwNTIy\nOTY3NzczYjdhY2JjNg==\n','2010-08-09 13:39:00'),('1f7beb6f1ef12a343247906ba21c3f81','gAJ9cQEoVRJfYXV0aF91c2VyX2JhY2tlbmRxAlUpZGphbmdvLmNvbnRyaWIuYXV0aC5iYWNrZW5k\ncy5Nb2RlbEJhY2tlbmRxA1UNX2F1dGhfdXNlcl9pZHEEigEBdS41OThkYzdlMTI3MTk2NzUwNTIy\nOTY3NzczYjdhY2JjNg==\n','2010-08-04 12:35:05'),('7dc67f5e0e24ac0b5b3809776823b44f','gAJ9cQEoVQp0ZXN0Y29va2llcQJVBndvcmtlZHEDVQ1fYXV0aF91c2VyX2lkcQSKAQJVEl9hdXRo\nX3VzZXJfYmFja2VuZHEFVSlkamFuZ28uY29udHJpYi5hdXRoLmJhY2tlbmRzLk1vZGVsQmFja2Vu\nZHEGdS42ZmQ1YTVhMzQwOTI2ZjI0OTY5OGY1ZDRlNzJkYjYyOA==\n','2010-08-04 12:25:48'),('bdb5ab9b25a78a42fa12bdc9ef089ee6','gAJ9cQEoVRJfYXV0aF91c2VyX2JhY2tlbmRxAlUpZGphbmdvLmNvbnRyaWIuYXV0aC5iYWNrZW5k\ncy5Nb2RlbEJhY2tlbmRxA1UNX2F1dGhfdXNlcl9pZHEEigEBdS41OThkYzdlMTI3MTk2NzUwNTIy\nOTY3NzczYjdhY2JjNg==\n','2010-08-04 12:25:56'),('ccabde98cb93e06dd23093d6031f1353','gAJ9cQEuOTQ0ZmRkNzRjZjQzNzZhMjA0MTllMzk3ZTFiZTRkNWI=\n','2010-08-04 12:43:09'),('8f719f14bbd9cdb646b36f711fea59d4','gAJ9cQEoVRJfYXV0aF91c2VyX2JhY2tlbmRxAlUpZGphbmdvLmNvbnRyaWIuYXV0aC5iYWNrZW5k\ncy5Nb2RlbEJhY2tlbmRxA1UNX2F1dGhfdXNlcl9pZHEEigEBdS41OThkYzdlMTI3MTk2NzUwNTIy\nOTY3NzczYjdhY2JjNg==\n','2010-08-04 20:12:23'),('f38b6dcd25c4e04b4c9f5947ccdb8c6a','gAJ9cQEuOTQ0ZmRkNzRjZjQzNzZhMjA0MTllMzk3ZTFiZTRkNWI=\n','2010-08-06 17:45:39'),('2c5a81d6b4f39ea460b567afb20eac71','gAJ9cQEuOTQ0ZmRkNzRjZjQzNzZhMjA0MTllMzk3ZTFiZTRkNWI=\n','2010-08-06 18:23:45'),('7bfda4c04a013798e142683fb217c02a','gAJ9cQEoVRJfYXV0aF91c2VyX2JhY2tlbmRxAlUpZGphbmdvLmNvbnRyaWIuYXV0aC5iYWNrZW5k\ncy5Nb2RlbEJhY2tlbmRxA1UNX2F1dGhfdXNlcl9pZHEEigEBdS41OThkYzdlMTI3MTk2NzUwNTIy\nOTY3NzczYjdhY2JjNg==\n','2010-08-04 16:03:51'),('146b573b7b7cd5acadb4371f13a4a8bf','gAJ9cQEoVRJfYXV0aF91c2VyX2JhY2tlbmRxAlUpZGphbmdvLmNvbnRyaWIuYXV0aC5iYWNrZW5k\ncy5Nb2RlbEJhY2tlbmRxA1UNX2F1dGhfdXNlcl9pZHEEigEBdS41OThkYzdlMTI3MTk2NzUwNTIy\nOTY3NzczYjdhY2JjNg==\n','2010-08-04 17:49:00'),('2aa5c8427c80d3af71457e1af9bca7b3','gAJ9cQEuOTQ0ZmRkNzRjZjQzNzZhMjA0MTllMzk3ZTFiZTRkNWI=\n','2010-08-04 20:09:28'),('575dd938070365ffeb225477baf84229','gAJ9cQEoVRJfYXV0aF91c2VyX2JhY2tlbmRxAlUpZGphbmdvLmNvbnRyaWIuYXV0aC5iYWNrZW5k\ncy5Nb2RlbEJhY2tlbmRxA1UNX2F1dGhfdXNlcl9pZHEEigEBdS41OThkYzdlMTI3MTk2NzUwNTIy\nOTY3NzczYjdhY2JjNg==\n','2010-08-04 20:13:59'),('1d62dc174b4f24f07bf621ce163a20b5','gAJ9cQEoVRJfYXV0aF91c2VyX2JhY2tlbmRxAlUpZGphbmdvLmNvbnRyaWIuYXV0aC5iYWNrZW5k\ncy5Nb2RlbEJhY2tlbmRxA1UNX2F1dGhfdXNlcl9pZHEEigEBdS41OThkYzdlMTI3MTk2NzUwNTIy\nOTY3NzczYjdhY2JjNg==\n','2010-08-04 20:18:56'),('644cfdc997f20f1e0013e46fe72bdb3b','gAJ9cQEoVRJfYXV0aF91c2VyX2JhY2tlbmRxAlUpZGphbmdvLmNvbnRyaWIuYXV0aC5iYWNrZW5k\ncy5Nb2RlbEJhY2tlbmRxA1UNX2F1dGhfdXNlcl9pZHEEigEBdS41OThkYzdlMTI3MTk2NzUwNTIy\nOTY3NzczYjdhY2JjNg==\n','2010-08-06 11:50:09'),('060fb750c76cdbf22d4627ff547b4950','gAJ9cQEoVRJfYXV0aF91c2VyX2JhY2tlbmRxAlUpZGphbmdvLmNvbnRyaWIuYXV0aC5iYWNrZW5k\ncy5Nb2RlbEJhY2tlbmRxA1UNX2F1dGhfdXNlcl9pZHEEigEBdS41OThkYzdlMTI3MTk2NzUwNTIy\nOTY3NzczYjdhY2JjNg==\n','2010-08-06 12:37:38'),('535bee73d05d586313d39fbbf491855d','gAJ9cQEoVRJfYXV0aF91c2VyX2JhY2tlbmRxAlUpZGphbmdvLmNvbnRyaWIuYXV0aC5iYWNrZW5k\ncy5Nb2RlbEJhY2tlbmRxA1UNX2F1dGhfdXNlcl9pZHEEigEBdS41OThkYzdlMTI3MTk2NzUwNTIy\nOTY3NzczYjdhY2JjNg==\n','2010-08-06 16:26:28'),('6b9a787df6f0c24fed3676a7833877aa','gAJ9cQFVCnRlc3Rjb29raWVxAlUGd29ya2VkcQNzLjI0YzRkYTM2YjdlOGJjMDNiMDI2NDQzMzhk\nZGVhZDYy\n','2010-08-06 16:44:21'),('65d93f61c0502b94d8f8b59ffc08244b','gAJ9cQEoVRJfYXV0aF91c2VyX2JhY2tlbmRxAlUpZGphbmdvLmNvbnRyaWIuYXV0aC5iYWNrZW5k\ncy5Nb2RlbEJhY2tlbmRxA1UNX2F1dGhfdXNlcl9pZHEEigEBdS41OThkYzdlMTI3MTk2NzUwNTIy\nOTY3NzczYjdhY2JjNg==\n','2010-08-06 16:45:28'),('3d06cd5c2988edb18b3e6efb6d388834','gAJ9cQEoVRJfYXV0aF91c2VyX2JhY2tlbmRxAlUpZGphbmdvLmNvbnRyaWIuYXV0aC5iYWNrZW5k\ncy5Nb2RlbEJhY2tlbmRxA1UNX2F1dGhfdXNlcl9pZHEEigEBdS41OThkYzdlMTI3MTk2NzUwNTIy\nOTY3NzczYjdhY2JjNg==\n','2010-08-10 18:08:53'),('2b1118c4c99acb1b356ec5d4f7b92160','gAJ9cQEoVRJfYXV0aF91c2VyX2JhY2tlbmRxAlUpZGphbmdvLmNvbnRyaWIuYXV0aC5iYWNrZW5k\ncy5Nb2RlbEJhY2tlbmRxA1UNX2F1dGhfdXNlcl9pZHEEigEBdS41OThkYzdlMTI3MTk2NzUwNTIy\nOTY3NzczYjdhY2JjNg==\n','2010-08-09 19:19:10'),('790f3d49cb470cdf8e8882668912e415','gAJ9cQEoVRJfYXV0aF91c2VyX2JhY2tlbmRxAlUpZGphbmdvLmNvbnRyaWIuYXV0aC5iYWNrZW5k\ncy5Nb2RlbEJhY2tlbmRxA1UNX2F1dGhfdXNlcl9pZHEEigEBdS41OThkYzdlMTI3MTk2NzUwNTIy\nOTY3NzczYjdhY2JjNg==\n','2010-09-16 17:36:51'),('47b46e6b4d0b63f67602abb17c33c589','gAJ9cQEuOTQ0ZmRkNzRjZjQzNzZhMjA0MTllMzk3ZTFiZTRkNWI=\n','2010-08-10 17:50:41'),('f2795766859ebbf655acc1bfe2e312aa','gAJ9cQFVCnRlc3Rjb29raWVxAlUGd29ya2VkcQNzLjI0YzRkYTM2YjdlOGJjMDNiMDI2NDQzMzhk\nZGVhZDYy\n','2010-09-16 17:38:37'),('a8cc714e0aece3aefa9958971182ed4a','gAJ9cQEoVRJfYXV0aF91c2VyX2JhY2tlbmRxAlUpZGphbmdvLmNvbnRyaWIuYXV0aC5iYWNrZW5k\ncy5Nb2RlbEJhY2tlbmRxA1UNX2F1dGhfdXNlcl9pZHEEigEBdS41OThkYzdlMTI3MTk2NzUwNTIy\nOTY3NzczYjdhY2JjNg==\n','2010-09-21 09:48:52'),('4384ead04c030bd1f834bbcf4a304ad1','gAJ9cQEoVRJfYXV0aF91c2VyX2JhY2tlbmRxAlUpZGphbmdvLmNvbnRyaWIuYXV0aC5iYWNrZW5k\ncy5Nb2RlbEJhY2tlbmRxA1UNX2F1dGhfdXNlcl9pZHEEigEBdS41OThkYzdlMTI3MTk2NzUwNTIy\nOTY3NzczYjdhY2JjNg==\n','2010-09-16 17:39:16'),('20119ffcfd86b11783dc115cbcc4b7a8','gAJ9cQEoVRJfYXV0aF91c2VyX2JhY2tlbmRxAlUpZGphbmdvLmNvbnRyaWIuYXV0aC5iYWNrZW5k\ncy5Nb2RlbEJhY2tlbmRxA1UNX2F1dGhfdXNlcl9pZHEEigEBdS41OThkYzdlMTI3MTk2NzUwNTIy\nOTY3NzczYjdhY2JjNg==\n','2010-09-17 12:03:40'),('440d1d1867d699b91a91d718ee105822','gAJ9cQEoVRJfYXV0aF91c2VyX2JhY2tlbmRxAlUpZGphbmdvLmNvbnRyaWIuYXV0aC5iYWNrZW5k\ncy5Nb2RlbEJhY2tlbmRxA1UNX2F1dGhfdXNlcl9pZHEEigEBdS41OThkYzdlMTI3MTk2NzUwNTIy\nOTY3NzczYjdhY2JjNg==\n','2010-09-17 12:05:40'),('19a3ffdaf552f48ef05b1fd383b91e7d','gAJ9cQEoVRJfYXV0aF91c2VyX2JhY2tlbmRxAlUpZGphbmdvLmNvbnRyaWIuYXV0aC5iYWNrZW5k\ncy5Nb2RlbEJhY2tlbmRxA1UNX2F1dGhfdXNlcl9pZHEEigEBdS41OThkYzdlMTI3MTk2NzUwNTIy\nOTY3NzczYjdhY2JjNg==\n','2010-09-17 15:48:43'),('687ef9e7e5c03c3b353a58b4576c9e0d','gAJ9cQEoVRJfYXV0aF91c2VyX2JhY2tlbmRxAlUpZGphbmdvLmNvbnRyaWIuYXV0aC5iYWNrZW5k\ncy5Nb2RlbEJhY2tlbmRxA1UNX2F1dGhfdXNlcl9pZHEEigEBdS41OThkYzdlMTI3MTk2NzUwNTIy\nOTY3NzczYjdhY2JjNg==\n','2010-09-17 17:28:58'),('cd25930194f64222ca1fec85e2a60545','gAJ9cQEuOTQ0ZmRkNzRjZjQzNzZhMjA0MTllMzk3ZTFiZTRkNWI=\n','2010-09-20 18:19:50'),('0c763485b07c20e2c88f7cb2ad84b406','gAJ9cQFVCnRlc3Rjb29raWVxAlUGd29ya2VkcQNzLjI0YzRkYTM2YjdlOGJjMDNiMDI2NDQzMzhk\nZGVhZDYy\n','2010-09-24 09:51:19'),('b4830c19f6064ffcffab1bcd33f6eb52','gAJ9cQEoVRJfYXV0aF91c2VyX2JhY2tlbmRxAlUpZGphbmdvLmNvbnRyaWIuYXV0aC5iYWNrZW5k\ncy5Nb2RlbEJhY2tlbmRxA1UNX2F1dGhfdXNlcl9pZHEEigEBdS41OThkYzdlMTI3MTk2NzUwNTIy\nOTY3NzczYjdhY2JjNg==\n','2010-09-22 10:37:26'),('41c23c51b2a71c95c4a40d9338227f97','gAJ9cQEoVRJfYXV0aF91c2VyX2JhY2tlbmRxAlUpZGphbmdvLmNvbnRyaWIuYXV0aC5iYWNrZW5k\ncy5Nb2RlbEJhY2tlbmRxA1UNX2F1dGhfdXNlcl9pZHEEigEBdS41OThkYzdlMTI3MTk2NzUwNTIy\nOTY3NzczYjdhY2JjNg==\n','2010-09-23 09:43:06'),('6d68739af75690b016b24f817e8ae462','gAJ9cQEoVRJfYXV0aF91c2VyX2JhY2tlbmRxAlUpZGphbmdvLmNvbnRyaWIuYXV0aC5iYWNrZW5k\ncy5Nb2RlbEJhY2tlbmRxA1UNX2F1dGhfdXNlcl9pZHEEigEBdS41OThkYzdlMTI3MTk2NzUwNTIy\nOTY3NzczYjdhY2JjNg==\n','2010-09-29 13:57:12'),('9047221cc08d9a64bf4bf45f4951b686','gAJ9cQEoVRJfYXV0aF91c2VyX2JhY2tlbmRxAlUpZGphbmdvLmNvbnRyaWIuYXV0aC5iYWNrZW5k\ncy5Nb2RlbEJhY2tlbmRxA1UNX2F1dGhfdXNlcl9pZHEEigEBdS41OThkYzdlMTI3MTk2NzUwNTIy\nOTY3NzczYjdhY2JjNg==\n','2010-09-24 09:53:56'),('d9c053ab6cbc415cf053c662d4f68b28','gAJ9cQFVCnRlc3Rjb29raWVxAlUGd29ya2VkcQNzLjI0YzRkYTM2YjdlOGJjMDNiMDI2NDQzMzhk\nZGVhZDYy\n','2010-09-30 12:39:22'),('93d8b80fa075aaf27fef1a69872f9625','gAJ9cQEoVRJfYXV0aF91c2VyX2JhY2tlbmRxAlUpZGphbmdvLmNvbnRyaWIuYXV0aC5iYWNrZW5k\ncy5Nb2RlbEJhY2tlbmRxA1UNX2F1dGhfdXNlcl9pZHEEigEBdS41OThkYzdlMTI3MTk2NzUwNTIy\nOTY3NzczYjdhY2JjNg==\n','2010-09-29 16:56:17'),('733e0833317fef5660cde7ac16351f5c','gAJ9cQEoVRJfYXV0aF91c2VyX2JhY2tlbmRxAlUpZGphbmdvLmNvbnRyaWIuYXV0aC5iYWNrZW5k\ncy5Nb2RlbEJhY2tlbmRxA1UNX2F1dGhfdXNlcl9pZHEEigEBdS41OThkYzdlMTI3MTk2NzUwNTIy\nOTY3NzczYjdhY2JjNg==\n','2010-09-30 11:57:09'),('e3318b332c2e72c7c8e8d7d95f5083dd','gAJ9cQEoVRJfYXV0aF91c2VyX2JhY2tlbmRxAlUpZGphbmdvLmNvbnRyaWIuYXV0aC5iYWNrZW5k\ncy5Nb2RlbEJhY2tlbmRxA1UNX2F1dGhfdXNlcl9pZHEEigEBdS41OThkYzdlMTI3MTk2NzUwNTIy\nOTY3NzczYjdhY2JjNg==\n','2010-09-30 12:09:03'),('aa18e53c20fa39da46f370d450652057','gAJ9cQEoVRJfYXV0aF91c2VyX2JhY2tlbmRxAlUpZGphbmdvLmNvbnRyaWIuYXV0aC5iYWNrZW5k\ncy5Nb2RlbEJhY2tlbmRxA1UNX2F1dGhfdXNlcl9pZHEEigEFdS45YTA3YzY1MTdiMTI0ZDQ5MTM4\nYWVlODkwMWJiYTliZA==\n','2010-09-30 12:32:25'),('c570435ab53bc06b8f485218547cabaa','gAJ9cQEoVRJfYXV0aF91c2VyX2JhY2tlbmRxAlUpZGphbmdvLmNvbnRyaWIuYXV0aC5iYWNrZW5k\ncy5Nb2RlbEJhY2tlbmRxA1UNX2F1dGhfdXNlcl9pZHEEigEBdS41OThkYzdlMTI3MTk2NzUwNTIy\nOTY3NzczYjdhY2JjNg==\n','2010-09-30 12:13:06'),('39e43852c082b351dc52b0e1290eaf95','gAJ9cQEoVRJfYXV0aF91c2VyX2JhY2tlbmRxAlUpZGphbmdvLmNvbnRyaWIuYXV0aC5iYWNrZW5k\ncy5Nb2RlbEJhY2tlbmRxA1UNX2F1dGhfdXNlcl9pZHEEigEBdS41OThkYzdlMTI3MTk2NzUwNTIy\nOTY3NzczYjdhY2JjNg==\n','2010-10-04 18:28:01'),('2db258fc720d7c494728845e346c5c3e','gAJ9cQEuOTQ0ZmRkNzRjZjQzNzZhMjA0MTllMzk3ZTFiZTRkNWI=\n','2010-10-04 14:21:32'),('05102d24d12a4ba47c72d2c81a9a0cca','gAJ9cQFVCnRlc3Rjb29raWVxAlUGd29ya2VkcQNzLjI0YzRkYTM2YjdlOGJjMDNiMDI2NDQzMzhk\nZGVhZDYy\n','2010-10-05 09:52:10'),('370faed6d806c1d9fba21a27dcc5adc8','gAJ9cQEuOTQ0ZmRkNzRjZjQzNzZhMjA0MTllMzk3ZTFiZTRkNWI=\n','2010-10-04 15:44:28'),('2aa25fff686c8024bc127310a1b1168b','gAJ9cQFVCnRlc3Rjb29raWVxAlUGd29ya2VkcQNzLjI0YzRkYTM2YjdlOGJjMDNiMDI2NDQzMzhk\nZGVhZDYy\n','2010-10-05 13:00:23'),('48ba84f5733367b301366caa335d4b43','gAJ9cQFVCnRlc3Rjb29raWVxAlUGd29ya2VkcQNzLjI0YzRkYTM2YjdlOGJjMDNiMDI2NDQzMzhk\nZGVhZDYy\n','2010-10-08 15:12:13'),('a77cbb3ed4022a62a7061cc2437fb32b','gAJ9cQEoVRJfYXV0aF91c2VyX2JhY2tlbmRxAlUpZGphbmdvLmNvbnRyaWIuYXV0aC5iYWNrZW5k\ncy5Nb2RlbEJhY2tlbmRxA1UNX2F1dGhfdXNlcl9pZHEEigEBdS41OThkYzdlMTI3MTk2NzUwNTIy\nOTY3NzczYjdhY2JjNg==\n','2010-10-05 14:39:04'),('87191bf47cf89ae7327441e3e52959b7','gAJ9cQFVCnRlc3Rjb29raWVxAlUGd29ya2VkcQNzLjI0YzRkYTM2YjdlOGJjMDNiMDI2NDQzMzhk\nZGVhZDYy\n','2010-10-07 12:25:54'),('f5ffed1ba6c645afa2d58a107c0497d3','gAJ9cQEoVRJfYXV0aF91c2VyX2JhY2tlbmRxAlUpZGphbmdvLmNvbnRyaWIuYXV0aC5iYWNrZW5k\ncy5Nb2RlbEJhY2tlbmRxA1UNX2F1dGhfdXNlcl9pZHEEigEBdS41OThkYzdlMTI3MTk2NzUwNTIy\nOTY3NzczYjdhY2JjNg==\n','2010-10-05 19:15:41'),('dcae06ee9ff54564f599eb78384e0cba','gAJ9cQEoVRJfYXV0aF91c2VyX2JhY2tlbmRxAlUpZGphbmdvLmNvbnRyaWIuYXV0aC5iYWNrZW5k\ncy5Nb2RlbEJhY2tlbmRxA1UNX2F1dGhfdXNlcl9pZHEEigEBdS41OThkYzdlMTI3MTk2NzUwNTIy\nOTY3NzczYjdhY2JjNg==\n','2010-10-06 18:07:36'),('1fe19204c7a14b7c569579be83d19c7a','gAJ9cQEoVRJfYXV0aF91c2VyX2JhY2tlbmRxAlUpZGphbmdvLmNvbnRyaWIuYXV0aC5iYWNrZW5k\ncy5Nb2RlbEJhY2tlbmRxA1UNX2F1dGhfdXNlcl9pZHEEigEBdS41OThkYzdlMTI3MTk2NzUwNTIy\nOTY3NzczYjdhY2JjNg==\n','2010-10-06 18:09:01'),('19baab3dcf9d0474c31afd6dd7773689','gAJ9cQEuOTQ0ZmRkNzRjZjQzNzZhMjA0MTllMzk3ZTFiZTRkNWI=\n','2010-10-07 11:00:28'),('de365be758875653377c318029d8fc66','gAJ9cQEuOTQ0ZmRkNzRjZjQzNzZhMjA0MTllMzk3ZTFiZTRkNWI=\n','2010-10-07 11:13:30'),('1ddd99dce49a4397a193a6305fa55761','gAJ9cQEoVRJfYXV0aF91c2VyX2JhY2tlbmRxAlUpZGphbmdvLmNvbnRyaWIuYXV0aC5iYWNrZW5k\ncy5Nb2RlbEJhY2tlbmRxA1UNX2F1dGhfdXNlcl9pZHEEigEBdS41OThkYzdlMTI3MTk2NzUwNTIy\nOTY3NzczYjdhY2JjNg==\n','2010-10-07 11:28:28'),('9eb33b8e45e7506517bd25dcfee297cb','gAJ9cQEoVRJfYXV0aF91c2VyX2JhY2tlbmRxAlUpZGphbmdvLmNvbnRyaWIuYXV0aC5iYWNrZW5k\ncy5Nb2RlbEJhY2tlbmRxA1UNX2F1dGhfdXNlcl9pZHEEigEBdS41OThkYzdlMTI3MTk2NzUwNTIy\nOTY3NzczYjdhY2JjNg==\n','2010-10-07 11:36:16'),('a4050c5125bd8a3f7df4dfaf700f0c00','gAJ9cQEoVRJfYXV0aF91c2VyX2JhY2tlbmRxAlUpZGphbmdvLmNvbnRyaWIuYXV0aC5iYWNrZW5k\ncy5Nb2RlbEJhY2tlbmRxA1UNX2F1dGhfdXNlcl9pZHEEigEBdS41OThkYzdlMTI3MTk2NzUwNTIy\nOTY3NzczYjdhY2JjNg==\n','2010-10-11 13:59:32'),('8d0dfea192de18595645fa8218fe6db9','gAJ9cQEuOTQ0ZmRkNzRjZjQzNzZhMjA0MTllMzk3ZTFiZTRkNWI=\n','2010-10-07 12:33:26'),('43aff305fa9622e943329b07905827aa','gAJ9cQFVCnRlc3Rjb29raWVxAlUGd29ya2VkcQNzLjI0YzRkYTM2YjdlOGJjMDNiMDI2NDQzMzhk\nZGVhZDYy\n','2010-10-18 18:11:30'),('c25ea7c74b40e8d5b39cb28d9b328ba0','gAJ9cQEoVRJfYXV0aF91c2VyX2JhY2tlbmRxAlUpZGphbmdvLmNvbnRyaWIuYXV0aC5iYWNrZW5k\ncy5Nb2RlbEJhY2tlbmRxA1UNX2F1dGhfdXNlcl9pZHEEigEBdS41OThkYzdlMTI3MTk2NzUwNTIy\nOTY3NzczYjdhY2JjNg==\n','2010-10-11 16:11:14'),('2a381e3923fe89966149213a11ecff6b','gAJ9cQEoVRJfYXV0aF91c2VyX2JhY2tlbmRxAlUpZGphbmdvLmNvbnRyaWIuYXV0aC5iYWNrZW5k\ncy5Nb2RlbEJhY2tlbmRxA1UNX2F1dGhfdXNlcl9pZHEEigEBdS41OThkYzdlMTI3MTk2NzUwNTIy\nOTY3NzczYjdhY2JjNg==\n','2010-10-13 17:03:03'),('b0c561702fab07e46b31ac7ffc4d4382','gAJ9cQEoVRJfYXV0aF91c2VyX2JhY2tlbmRxAlUpZGphbmdvLmNvbnRyaWIuYXV0aC5iYWNrZW5k\ncy5Nb2RlbEJhY2tlbmRxA1UNX2F1dGhfdXNlcl9pZHEEigEBdS41OThkYzdlMTI3MTk2NzUwNTIy\nOTY3NzczYjdhY2JjNg==\n','2010-10-14 11:39:34'),('e67d5ec9fede93ee4b3d9b5d2bbd5b5e','gAJ9cQEoVRJfYXV0aF91c2VyX2JhY2tlbmRxAlUpZGphbmdvLmNvbnRyaWIuYXV0aC5iYWNrZW5k\ncy5Nb2RlbEJhY2tlbmRxA1UNX2F1dGhfdXNlcl9pZHEEigEBdS41OThkYzdlMTI3MTk2NzUwNTIy\nOTY3NzczYjdhY2JjNg==\n','2010-10-14 19:03:11'),('f88c9070f68ff28fa1f45b72a4921acd','gAJ9cQEoVRJfYXV0aF91c2VyX2JhY2tlbmRxAlUpZGphbmdvLmNvbnRyaWIuYXV0aC5iYWNrZW5k\ncy5Nb2RlbEJhY2tlbmRxA1UNX2F1dGhfdXNlcl9pZHEEigEBdS41OThkYzdlMTI3MTk2NzUwNTIy\nOTY3NzczYjdhY2JjNg==\n','2010-10-15 14:36:45'),('de89abfe8efe60939d5e7228d0908356','gAJ9cQEoVRJfYXV0aF91c2VyX2JhY2tlbmRxAlUpZGphbmdvLmNvbnRyaWIuYXV0aC5iYWNrZW5k\ncy5Nb2RlbEJhY2tlbmRxA1UNX2F1dGhfdXNlcl9pZHEEigEBdS41OThkYzdlMTI3MTk2NzUwNTIy\nOTY3NzczYjdhY2JjNg==\n','2010-10-18 17:38:25'),('a53e16081ad054151b4c7bec25aa56f0','gAJ9cQEoVRJfYXV0aF91c2VyX2JhY2tlbmRxAlUpZGphbmdvLmNvbnRyaWIuYXV0aC5iYWNrZW5k\ncy5Nb2RlbEJhY2tlbmRxA1UNX2F1dGhfdXNlcl9pZHEEigEBdS41OThkYzdlMTI3MTk2NzUwNTIy\nOTY3NzczYjdhY2JjNg==\n','2010-10-18 17:42:29'),('985948d5cb7658b1b35a41ae4ece46e8','gAJ9cQEoVRJfYXV0aF91c2VyX2JhY2tlbmRxAlUpZGphbmdvLmNvbnRyaWIuYXV0aC5iYWNrZW5k\ncy5Nb2RlbEJhY2tlbmRxA1UNX2F1dGhfdXNlcl9pZHEEigEBdS41OThkYzdlMTI3MTk2NzUwNTIy\nOTY3NzczYjdhY2JjNg==\n','2010-10-19 12:03:31'),('12115a8484fc5601b6f4e6946c030926','gAJ9cQEoVRJfYXV0aF91c2VyX2JhY2tlbmRxAlUpZGphbmdvLmNvbnRyaWIuYXV0aC5iYWNrZW5k\ncy5Nb2RlbEJhY2tlbmRxA1UNX2F1dGhfdXNlcl9pZHEEigEBdS41OThkYzdlMTI3MTk2NzUwNTIy\nOTY3NzczYjdhY2JjNg==\n','2010-10-21 12:10:24'),('5f4c7ff719a0020db0abe50bfbe98023','gAJ9cQEoVRJfYXV0aF91c2VyX2JhY2tlbmRxAlUpZGphbmdvLmNvbnRyaWIuYXV0aC5iYWNrZW5k\ncy5Nb2RlbEJhY2tlbmRxA1UNX2F1dGhfdXNlcl9pZHEEigEBdS41OThkYzdlMTI3MTk2NzUwNTIy\nOTY3NzczYjdhY2JjNg==\n','2010-10-21 12:10:40'),('4ea5c2628c07204af9f5d0f99dedde95','gAJ9cQEuOTQ0ZmRkNzRjZjQzNzZhMjA0MTllMzk3ZTFiZTRkNWI=\n','2010-10-21 12:11:43'),('4e97756a697e3dcca9b22c7d1036db43','gAJ9cQEoVRJfYXV0aF91c2VyX2JhY2tlbmRxAlUpZGphbmdvLmNvbnRyaWIuYXV0aC5iYWNrZW5k\ncy5Nb2RlbEJhY2tlbmRxA1UNX2F1dGhfdXNlcl9pZHEEigEBdS41OThkYzdlMTI3MTk2NzUwNTIy\nOTY3NzczYjdhY2JjNg==\n','2010-10-23 10:09:10'),('ee5c37dcba364c9ef0ef9317ff737490','gAJ9cQEuOTQ0ZmRkNzRjZjQzNzZhMjA0MTllMzk3ZTFiZTRkNWI=\n','2010-10-22 11:59:16'),('034782c81c02521a7ce324a64192c739','gAJ9cQFVCnRlc3Rjb29raWVxAlUGd29ya2VkcQNzLjI0YzRkYTM2YjdlOGJjMDNiMDI2NDQzMzhk\nZGVhZDYy\n','2010-10-26 17:48:53'),('d88aae0711559a130376966b1d539962','gAJ9cQFVCnRlc3Rjb29raWVxAlUGd29ya2VkcQNzLjI0YzRkYTM2YjdlOGJjMDNiMDI2NDQzMzhk\nZGVhZDYy\n','2010-10-29 15:10:05'),('52395bb289d4b6ae5e856b57fd85ba28','gAJ9cQEoVRJfYXV0aF91c2VyX2JhY2tlbmRxAlUpZGphbmdvLmNvbnRyaWIuYXV0aC5iYWNrZW5k\ncy5Nb2RlbEJhY2tlbmRxA1UNX2F1dGhfdXNlcl9pZHEEigEBdS41OThkYzdlMTI3MTk2NzUwNTIy\nOTY3NzczYjdhY2JjNg==\n','2010-10-27 15:36:48'),('e8a0cd4d88b84e721d7ea74099904e4e','gAJ9cQEoVRJfYXV0aF91c2VyX2JhY2tlbmRxAlUpZGphbmdvLmNvbnRyaWIuYXV0aC5iYWNrZW5k\ncy5Nb2RlbEJhY2tlbmRxA1UNX2F1dGhfdXNlcl9pZHEEigEBdS41OThkYzdlMTI3MTk2NzUwNTIy\nOTY3NzczYjdhY2JjNg==\n','2010-10-28 16:56:23'),('22d78fb3f384454566abf0e90d7d6e20','gAJ9cQEoVRJfYXV0aF91c2VyX2JhY2tlbmRxAlUpZGphbmdvLmNvbnRyaWIuYXV0aC5iYWNrZW5k\ncy5Nb2RlbEJhY2tlbmRxA1UNX2F1dGhfdXNlcl9pZHEEigEBdS41OThkYzdlMTI3MTk2NzUwNTIy\nOTY3NzczYjdhY2JjNg==\n','2010-10-28 17:30:47'),('c3feb25222bbbd0753b7d178e999bc59','gAJ9cQFVCnRlc3Rjb29raWVxAlUGd29ya2VkcQNzLjI0YzRkYTM2YjdlOGJjMDNiMDI2NDQzMzhk\nZGVhZDYy\n','2010-11-09 10:54:07'),('7007e229ceac13496cde1ed8ca4dfad4','gAJ9cQEuOTQ0ZmRkNzRjZjQzNzZhMjA0MTllMzk3ZTFiZTRkNWI=\n','2010-10-29 16:42:51'),('b1443d198ba5a16198ec16204fe1435f','gAJ9cQFVCnRlc3Rjb29raWVxAlUGd29ya2VkcQNzLjI0YzRkYTM2YjdlOGJjMDNiMDI2NDQzMzhk\nZGVhZDYy\n','2010-11-04 16:39:09'),('a6f38986dd1486c77c142bbffdd7e3ea','gAJ9cQEoVRJfYXV0aF91c2VyX2JhY2tlbmRxAlUpZGphbmdvLmNvbnRyaWIuYXV0aC5iYWNrZW5k\ncy5Nb2RlbEJhY2tlbmRxA1UNX2F1dGhfdXNlcl9pZHEEigEBdS41OThkYzdlMTI3MTk2NzUwNTIy\nOTY3NzczYjdhY2JjNg==\n','2010-11-04 16:39:34'),('cea1c9457ccf18e45f9658cd5531fb82','gAJ9cQFVCnRlc3Rjb29raWVxAlUGd29ya2VkcQNzLjI0YzRkYTM2YjdlOGJjMDNiMDI2NDQzMzhk\nZGVhZDYy\n','2010-11-10 16:41:22'),('fff49159417004960a4d89ca7fd9db1c','gAJ9cQFVCnRlc3Rjb29raWVxAlUGd29ya2VkcQNzLjI0YzRkYTM2YjdlOGJjMDNiMDI2NDQzMzhk\nZGVhZDYy\n','2010-11-22 10:31:22'),('46100cba6b692881fec0a0b03edd8f2b','gAJ9cQEuOTQ0ZmRkNzRjZjQzNzZhMjA0MTllMzk3ZTFiZTRkNWI=\n','2010-11-11 10:23:00'),('9bb7e0bf4eb1fa090f189f7b5ef7ff53','gAJ9cQFVCnRlc3Rjb29raWVxAlUGd29ya2VkcQNzLjI0YzRkYTM2YjdlOGJjMDNiMDI2NDQzMzhk\nZGVhZDYy\n','2010-11-11 10:42:31'),('2420952b5300ef6bf0dfc5e58151c50a','gAJ9cQEoVRJfYXV0aF91c2VyX2JhY2tlbmRxAlUpZGphbmdvLmNvbnRyaWIuYXV0aC5iYWNrZW5k\ncy5Nb2RlbEJhY2tlbmRxA1UNX2F1dGhfdXNlcl9pZHEEigEBdS41OThkYzdlMTI3MTk2NzUwNTIy\nOTY3NzczYjdhY2JjNg==\n','2010-11-11 10:46:08'),('970b08ec05b3cb3cc0ed69102e53bc0a','gAJ9cQEuOTQ0ZmRkNzRjZjQzNzZhMjA0MTllMzk3ZTFiZTRkNWI=\n','2010-11-11 11:55:38'),('d2ab05e9e95d260746831393399a6c06','gAJ9cQFVCnRlc3Rjb29raWVxAlUGd29ya2VkcQNzLjI0YzRkYTM2YjdlOGJjMDNiMDI2NDQzMzhk\nZGVhZDYy\n','2010-11-12 10:39:57'),('92161bf1df886ad2c6a1f7444958b68e','gAJ9cQFVCnRlc3Rjb29raWVxAlUGd29ya2VkcQNzLjI0YzRkYTM2YjdlOGJjMDNiMDI2NDQzMzhk\nZGVhZDYy\n','2010-11-22 10:31:38'),('77137fc02ac7a9e5dca4db7281e49bf0','gAJ9cQFVCnRlc3Rjb29raWVxAlUGd29ya2VkcQNzLjI0YzRkYTM2YjdlOGJjMDNiMDI2NDQzMzhk\nZGVhZDYy\n','2010-11-22 10:32:03'),('c7324065bc8d809bb7a9ba4fdbfaab19','gAJ9cQFVCnRlc3Rjb29raWVxAlUGd29ya2VkcQNzLjI0YzRkYTM2YjdlOGJjMDNiMDI2NDQzMzhk\nZGVhZDYy\n','2010-11-22 14:21:53'),('ab28add862c838d47abc5533b35d3aea','gAJ9cQFVCnRlc3Rjb29raWVxAlUGd29ya2VkcQNzLjI0YzRkYTM2YjdlOGJjMDNiMDI2NDQzMzhk\nZGVhZDYy\n','2010-11-25 14:26:16'),('7b97e301be375aea0d2dc024888cc5da','gAJ9cQFVCnRlc3Rjb29raWVxAlUGd29ya2VkcQNzLjI0YzRkYTM2YjdlOGJjMDNiMDI2NDQzMzhk\nZGVhZDYy\n','2010-11-30 18:32:39'),('81edb5729152db7a2f41d61905f959a9','gAJ9cQEoVRJfYXV0aF91c2VyX2JhY2tlbmRxAlUpZGphbmdvLmNvbnRyaWIuYXV0aC5iYWNrZW5k\ncy5Nb2RlbEJhY2tlbmRxA1UNX2F1dGhfdXNlcl9pZHEEigEBdS41OThkYzdlMTI3MTk2NzUwNTIy\nOTY3NzczYjdhY2JjNg==\n','2010-11-30 18:29:26'),('7face4b378ccd588237d46e6dd2037d6','gAJ9cQFVCnRlc3Rjb29raWVxAlUGd29ya2VkcQNzLjI0YzRkYTM2YjdlOGJjMDNiMDI2NDQzMzhk\nZGVhZDYy\n','2010-12-03 14:04:02'),('a1b687405923979872f7a00aaae9b9c2','gAJ9cQEoVRJfYXV0aF91c2VyX2JhY2tlbmRxAlUpZGphbmdvLmNvbnRyaWIuYXV0aC5iYWNrZW5k\ncy5Nb2RlbEJhY2tlbmRxA1UNX2F1dGhfdXNlcl9pZHEEigEBdS41OThkYzdlMTI3MTk2NzUwNTIy\nOTY3NzczYjdhY2JjNg==\n','2010-12-01 10:19:13'),('9c96a30afb3c6534a1edc2992b8522ea','gAJ9cQEoVRJfYXV0aF91c2VyX2JhY2tlbmRxAlUpZGphbmdvLmNvbnRyaWIuYXV0aC5iYWNrZW5k\ncy5Nb2RlbEJhY2tlbmRxA1UNX2F1dGhfdXNlcl9pZHEEigEBdS41OThkYzdlMTI3MTk2NzUwNTIy\nOTY3NzczYjdhY2JjNg==\n','2010-12-02 10:50:29'),('d4fe60124ee85566cc15a35e7623887c','gAJ9cQEoVRJfYXV0aF91c2VyX2JhY2tlbmRxAlUpZGphbmdvLmNvbnRyaWIuYXV0aC5iYWNrZW5k\ncy5Nb2RlbEJhY2tlbmRxA1UNX2F1dGhfdXNlcl9pZHEEigEBdS41OThkYzdlMTI3MTk2NzUwNTIy\nOTY3NzczYjdhY2JjNg==\n','2010-12-02 19:05:10'),('99943b557a3f95e59e0c805885b1a527','gAJ9cQEoVRJfYXV0aF91c2VyX2JhY2tlbmRxAlUpZGphbmdvLmNvbnRyaWIuYXV0aC5iYWNrZW5k\ncy5Nb2RlbEJhY2tlbmRxA1UNX2F1dGhfdXNlcl9pZHEEigEBdS41OThkYzdlMTI3MTk2NzUwNTIy\nOTY3NzczYjdhY2JjNg==\n','2010-12-03 10:00:01'),('a3beed2fde7e878bbcc7957dff934b70','gAJ9cQFVCnRlc3Rjb29raWVxAlUGd29ya2VkcQNzLjI0YzRkYTM2YjdlOGJjMDNiMDI2NDQzMzhk\nZGVhZDYy\n','2010-12-13 18:29:16'),('08906d5fc1b19fb9f0e55f494540bf42','gAJ9cQEoVRJfYXV0aF91c2VyX2JhY2tlbmRxAlUpZGphbmdvLmNvbnRyaWIuYXV0aC5iYWNrZW5k\ncy5Nb2RlbEJhY2tlbmRxA1UNX2F1dGhfdXNlcl9pZHEEigEBdS41OThkYzdlMTI3MTk2NzUwNTIy\nOTY3NzczYjdhY2JjNg==\n','2010-12-07 19:23:42'),('56cf4446474b9b70e74fb63cf43127b5','gAJ9cQFVCnRlc3Rjb29raWVxAlUGd29ya2VkcQNzLjI0YzRkYTM2YjdlOGJjMDNiMDI2NDQzMzhk\nZGVhZDYy\n','2010-12-14 10:07:30'),('4b7da79882a7d33fe766971574a38f22','gAJ9cQFVCnRlc3Rjb29raWVxAlUGd29ya2VkcQNzLjI0YzRkYTM2YjdlOGJjMDNiMDI2NDQzMzhk\nZGVhZDYy\n','2010-12-14 10:21:44'),('7f052bf635b33b17894a6d10abdd5fd5','gAJ9cQFVCnRlc3Rjb29raWVxAlUGd29ya2VkcQNzLjI0YzRkYTM2YjdlOGJjMDNiMDI2NDQzMzhk\nZGVhZDYy\n','2010-12-15 11:21:12'),('6b4916c6633955ef7ba74215ecb30827','gAJ9cQFVCnRlc3Rjb29raWVxAlUGd29ya2VkcQNzLjI0YzRkYTM2YjdlOGJjMDNiMDI2NDQzMzhk\nZGVhZDYy\n','2010-12-15 15:17:35'),('0a20724f99caee40beb6c94c91c35a80','gAJ9cQFVCnRlc3Rjb29raWVxAlUGd29ya2VkcQNzLjI0YzRkYTM2YjdlOGJjMDNiMDI2NDQzMzhk\nZGVhZDYy\n','2010-12-22 10:33:49'),('0c44b251983aef6f4c7809454c741f16','gAJ9cQEoVRJfYXV0aF91c2VyX2JhY2tlbmRxAlUpZGphbmdvLmNvbnRyaWIuYXV0aC5iYWNrZW5k\ncy5Nb2RlbEJhY2tlbmRxA1UNX2F1dGhfdXNlcl9pZHEEigEBdS41OThkYzdlMTI3MTk2NzUwNTIy\nOTY3NzczYjdhY2JjNg==\n','2010-12-15 16:46:34'),('581445cd47728a838e6577e13f468779','gAJ9cQEoVRJfYXV0aF91c2VyX2JhY2tlbmRxAlUpZGphbmdvLmNvbnRyaWIuYXV0aC5iYWNrZW5k\ncy5Nb2RlbEJhY2tlbmRxA1UNX2F1dGhfdXNlcl9pZHEEigEBdS41OThkYzdlMTI3MTk2NzUwNTIy\nOTY3NzczYjdhY2JjNg==\n','2010-12-16 15:42:26'),('3d5451d73ee0c9dd02924493e52d1ac7','gAJ9cQEuOTQ0ZmRkNzRjZjQzNzZhMjA0MTllMzk3ZTFiZTRkNWI=\n','2011-01-19 16:11:19'),('b5164181b6d6e1b4bf411fc07d49c6a6','gAJ9cQEoVRJfYXV0aF91c2VyX2JhY2tlbmRxAlUpZGphbmdvLmNvbnRyaWIuYXV0aC5iYWNrZW5k\ncy5Nb2RlbEJhY2tlbmRxA1UNX2F1dGhfdXNlcl9pZHEEigEBdS41OThkYzdlMTI3MTk2NzUwNTIy\nOTY3NzczYjdhY2JjNg==\n','2010-12-20 14:42:54'),('c4b97856c1b85e3653d4ff75751b789f','gAJ9cQEoVRJfYXV0aF91c2VyX2JhY2tlbmRxAlUpZGphbmdvLmNvbnRyaWIuYXV0aC5iYWNrZW5k\ncy5Nb2RlbEJhY2tlbmRxA1UNX2F1dGhfdXNlcl9pZHEEigEBdS41OThkYzdlMTI3MTk2NzUwNTIy\nOTY3NzczYjdhY2JjNg==\n','2010-12-30 19:13:34'),('a6dec8fe7e2fa1aa87f298cc29f9f9f3','gAJ9cQEoVRJfYXV0aF91c2VyX2JhY2tlbmRxAlUpZGphbmdvLmNvbnRyaWIuYXV0aC5iYWNrZW5k\ncy5Nb2RlbEJhY2tlbmRxA1UNX2F1dGhfdXNlcl9pZHEEigEBdS41OThkYzdlMTI3MTk2NzUwNTIy\nOTY3NzczYjdhY2JjNg==\n','2011-01-03 17:19:46'),('e2e26e524ab46d1cd0f9704cfc6e7e01','gAJ9cQEoVRJfYXV0aF91c2VyX2JhY2tlbmRxAlUpZGphbmdvLmNvbnRyaWIuYXV0aC5iYWNrZW5k\ncy5Nb2RlbEJhY2tlbmRxA1UNX2F1dGhfdXNlcl9pZHEEigEBdS41OThkYzdlMTI3MTk2NzUwNTIy\nOTY3NzczYjdhY2JjNg==\n','2011-01-13 10:21:07'),('2198687f54019b8d55420fe434c7bf54','gAJ9cQFVCnRlc3Rjb29raWVxAlUGd29ya2VkcQNzLjI0YzRkYTM2YjdlOGJjMDNiMDI2NDQzMzhk\nZGVhZDYy\n','2011-01-19 18:13:59'),('93d2f5e8e8d5e42f1f7149184ae35e2f','gAJ9cQEoVRJfYXV0aF91c2VyX2JhY2tlbmRxAlUpZGphbmdvLmNvbnRyaWIuYXV0aC5iYWNrZW5k\ncy5Nb2RlbEJhY2tlbmRxA1UNX2F1dGhfdXNlcl9pZHEEigEBdS41OThkYzdlMTI3MTk2NzUwNTIy\nOTY3NzczYjdhY2JjNg==\n','2011-01-13 10:38:37'),('c0a5511a17e5afb327801b2d06bdd031','gAJ9cQEoVRJfYXV0aF91c2VyX2JhY2tlbmRxAlUpZGphbmdvLmNvbnRyaWIuYXV0aC5iYWNrZW5k\ncy5Nb2RlbEJhY2tlbmRxA1UNX2F1dGhfdXNlcl9pZHEEigEBdS41OThkYzdlMTI3MTk2NzUwNTIy\nOTY3NzczYjdhY2JjNg==\n','2011-02-10 18:54:32'),('12c5ec224387618c58370e6dc0d16a8a','gAJ9cQEuOTQ0ZmRkNzRjZjQzNzZhMjA0MTllMzk3ZTFiZTRkNWI=\n','2011-01-20 17:50:26'),('2481f1491ed6d6d0c1a2c23fad45ec74','gAJ9cQFVCnRlc3Rjb29raWVxAlUGd29ya2VkcQNzLjI0YzRkYTM2YjdlOGJjMDNiMDI2NDQzMzhk\nZGVhZDYy\n','2011-03-11 17:57:36'),('16ff8487a376114aa1930b837991765f','gAJ9cQEuOTQ0ZmRkNzRjZjQzNzZhMjA0MTllMzk3ZTFiZTRkNWI=\n','2011-02-01 16:30:47'),('a9b59ded288d656cd0a9981e22bbcc67','gAJ9cQEoVRJfYXV0aF91c2VyX2JhY2tlbmRxAlUpZGphbmdvLmNvbnRyaWIuYXV0aC5iYWNrZW5k\ncy5Nb2RlbEJhY2tlbmRxA1UNX2F1dGhfdXNlcl9pZHEEigEBdS41OThkYzdlMTI3MTk2NzUwNTIy\nOTY3NzczYjdhY2JjNg==\n','2011-02-10 20:37:09'),('e86b6c35befb19340a2dc66b23ed9057','gAJ9cQEoVRJfYXV0aF91c2VyX2JhY2tlbmRxAlUpZGphbmdvLmNvbnRyaWIuYXV0aC5iYWNrZW5k\ncy5Nb2RlbEJhY2tlbmRxA1UNX2F1dGhfdXNlcl9pZHEEigEBdS41OThkYzdlMTI3MTk2NzUwNTIy\nOTY3NzczYjdhY2JjNg==\n','2011-02-10 20:59:25'),('940d9d0766591cfabff790dedb756b84','gAJ9cQEoVRJfYXV0aF91c2VyX2JhY2tlbmRxAlUpZGphbmdvLmNvbnRyaWIuYXV0aC5iYWNrZW5k\ncy5Nb2RlbEJhY2tlbmRxA1UNX2F1dGhfdXNlcl9pZHEEigEBdS41OThkYzdlMTI3MTk2NzUwNTIy\nOTY3NzczYjdhY2JjNg==\n','2011-02-10 20:59:56'),('2d5e945542733efd5bcc26c6a23cb7ec','gAJ9cQEuOTQ0ZmRkNzRjZjQzNzZhMjA0MTllMzk3ZTFiZTRkNWI=\n','2011-02-11 10:31:30'),('b987aac5c4f0bcaace0ecd808006bfb0','gAJ9cQFVCnRlc3Rjb29raWVxAlUGd29ya2VkcQNzLjI0YzRkYTM2YjdlOGJjMDNiMDI2NDQzMzhk\nZGVhZDYy\n','2011-02-17 17:11:50'),('7ac7e0188e593e4c15c2be31e15cba0f','gAJ9cQEuOTQ0ZmRkNzRjZjQzNzZhMjA0MTllMzk3ZTFiZTRkNWI=\n','2011-02-25 12:29:54'),('0de72f221d98333852254b3bb8752922','gAJ9cQEuOTQ0ZmRkNzRjZjQzNzZhMjA0MTllMzk3ZTFiZTRkNWI=\n','2011-03-04 12:12:57'),('0a1322ce5342306e4925936b5e015585','gAJ9cQEoVRJfYXV0aF91c2VyX2JhY2tlbmRxAlUpZGphbmdvLmNvbnRyaWIuYXV0aC5iYWNrZW5k\ncy5Nb2RlbEJhY2tlbmRxA1UNX2F1dGhfdXNlcl9pZHEEigEBdS41OThkYzdlMTI3MTk2NzUwNTIy\nOTY3NzczYjdhY2JjNg==\n','2011-03-09 16:07:06'),('75f04f066ce4a4bbc5dc3011041f9565','gAJ9cQEoVRJfYXV0aF91c2VyX2JhY2tlbmRxAlUpZGphbmdvLmNvbnRyaWIuYXV0aC5iYWNrZW5k\ncy5Nb2RlbEJhY2tlbmRxA1UNX2F1dGhfdXNlcl9pZHEEigEBdS41OThkYzdlMTI3MTk2NzUwNTIy\nOTY3NzczYjdhY2JjNg==\n','2011-03-10 19:54:04'),('eb41e986dfaeccaacd78ef543522e861','gAJ9cQEoVRJfYXV0aF91c2VyX2JhY2tlbmRxAlUpZGphbmdvLmNvbnRyaWIuYXV0aC5iYWNrZW5k\ncy5Nb2RlbEJhY2tlbmRxA1UNX2F1dGhfdXNlcl9pZHEEigEBdS41OThkYzdlMTI3MTk2NzUwNTIy\nOTY3NzczYjdhY2JjNg==\n','2011-04-04 12:32:53'),('562cd7263f615433686988ca918524df','gAJ9cQEuOTQ0ZmRkNzRjZjQzNzZhMjA0MTllMzk3ZTFiZTRkNWI=\n','2011-03-23 12:12:26'),('4142b09a4924bc90f566e9502a88d977','gAJ9cQFVCnRlc3Rjb29raWVxAlUGd29ya2VkcQNzLjI0YzRkYTM2YjdlOGJjMDNiMDI2NDQzMzhk\nZGVhZDYy\n','2011-04-21 15:09:16'),('ffb5ea08319fed4c301c14a0ff388389','gAJ9cQEuOTQ0ZmRkNzRjZjQzNzZhMjA0MTllMzk3ZTFiZTRkNWI=\n','2011-04-12 12:44:53'),('b7ece9fd1fce2bfc059587c7a31e745e','gAJ9cQFVCnRlc3Rjb29raWVxAlUGd29ya2VkcQNzLjI0YzRkYTM2YjdlOGJjMDNiMDI2NDQzMzhk\nZGVhZDYy\n','2011-04-19 11:18:44'),('e95981853d6b7fdb2fe9966a00e52708','gAJ9cQEuOTQ0ZmRkNzRjZjQzNzZhMjA0MTllMzk3ZTFiZTRkNWI=\n','2011-04-13 18:03:43'),('068d903a217e9f44baa6576e8bd86291','gAJ9cQFVCnRlc3Rjb29raWVxAlUGd29ya2VkcQNzLjI0YzRkYTM2YjdlOGJjMDNiMDI2NDQzMzhk\nZGVhZDYy\n','2011-04-21 17:16:17'),('72268b0b59f9b431c8a5ae7c53423532','gAJ9cQEoVRJfYXV0aF91c2VyX2JhY2tlbmRxAlUpZGphbmdvLmNvbnRyaWIuYXV0aC5iYWNrZW5k\ncy5Nb2RlbEJhY2tlbmRxA1UNX2F1dGhfdXNlcl9pZHEEigEBdS41OThkYzdlMTI3MTk2NzUwNTIy\nOTY3NzczYjdhY2JjNg==\n','2011-04-19 17:41:05'),('99dd5614696734aa1ab102122c55588e','gAJ9cQEoVRJfYXV0aF91c2VyX2JhY2tlbmRxAlUpZGphbmdvLmNvbnRyaWIuYXV0aC5iYWNrZW5k\ncy5Nb2RlbEJhY2tlbmRxA1UNX2F1dGhfdXNlcl9pZHEEigEBdS41OThkYzdlMTI3MTk2NzUwNTIy\nOTY3NzczYjdhY2JjNg==\n','2011-04-20 15:26:31'),('deeef4079a7b67f812ca01b8d080291d','gAJ9cQFVCnRlc3Rjb29raWVxAlUGd29ya2VkcQNzLjI0YzRkYTM2YjdlOGJjMDNiMDI2NDQzMzhk\nZGVhZDYy\n','2011-04-21 17:17:11'),('ac8348ecf3b5517b293aefb9f3dd6f09','gAJ9cQFVCnRlc3Rjb29raWVxAlUGd29ya2VkcQNzLjI0YzRkYTM2YjdlOGJjMDNiMDI2NDQzMzhk\nZGVhZDYy\n','2011-06-09 15:27:31'),('b5421931d0f3cf021b754ee897f0d474','gAJ9cQEoVRJfYXV0aF91c2VyX2JhY2tlbmRxAlUpZGphbmdvLmNvbnRyaWIuYXV0aC5iYWNrZW5k\ncy5Nb2RlbEJhY2tlbmRxA1UNX2F1dGhfdXNlcl9pZHEEigEBdS41OThkYzdlMTI3MTk2NzUwNTIy\nOTY3NzczYjdhY2JjNg==\n','2011-05-05 16:34:19'),('b29d93a88ada41e30598ac58f359f6e9','gAJ9cQEuOTQ0ZmRkNzRjZjQzNzZhMjA0MTllMzk3ZTFiZTRkNWI=\n','2011-05-09 09:45:23'),('cdd53479204da1306741b516db78aab9','gAJ9cQEuOTQ0ZmRkNzRjZjQzNzZhMjA0MTllMzk3ZTFiZTRkNWI=\n','2011-05-10 10:40:31'),('20364ae4f6251e89e9205874231ab1ee','gAJ9cQEuOTQ0ZmRkNzRjZjQzNzZhMjA0MTllMzk3ZTFiZTRkNWI=\n','2011-05-19 18:42:10'),('f7a9747ff96402f79ab7bc0238a0fc5e','gAJ9cQEuOTQ0ZmRkNzRjZjQzNzZhMjA0MTllMzk3ZTFiZTRkNWI=\n','2011-06-09 15:52:13'),('2d5edd1478c2d85e8eb0acf55995ec62','gAJ9cQFVCnRlc3Rjb29raWVxAlUGd29ya2VkcQNzLjI0YzRkYTM2YjdlOGJjMDNiMDI2NDQzMzhk\nZGVhZDYy\n','2011-06-28 17:14:17'),('a1ab23becd095816b5bd3a80130e71c2','gAJ9cQEoVRJfYXV0aF91c2VyX2JhY2tlbmRxAlUpZGphbmdvLmNvbnRyaWIuYXV0aC5iYWNrZW5k\ncy5Nb2RlbEJhY2tlbmRxA1UNX2F1dGhfdXNlcl9pZHEEigEBdS41OThkYzdlMTI3MTk2NzUwNTIy\nOTY3NzczYjdhY2JjNg==\n','2011-06-28 16:56:22'),('e59c26e8f7b9a7ac30d2a45bf24c60e6','gAJ9cQEoVRJfYXV0aF91c2VyX2JhY2tlbmRxAlUpZGphbmdvLmNvbnRyaWIuYXV0aC5iYWNrZW5k\ncy5Nb2RlbEJhY2tlbmRxA1UNX2F1dGhfdXNlcl9pZHEEigEBdS41OThkYzdlMTI3MTk2NzUwNTIy\nOTY3NzczYjdhY2JjNg==\n','2011-06-17 16:39:20'),('8b9ed72e8a9caae874b5de7887203737','gAJ9cQEuOTQ0ZmRkNzRjZjQzNzZhMjA0MTllMzk3ZTFiZTRkNWI=\n','2011-08-01 16:49:22'),('ab1a7a88c483b3c4180cbae98b32f528','gAJ9cQFVCnRlc3Rjb29raWVxAlUGd29ya2VkcQNzLjI0YzRkYTM2YjdlOGJjMDNiMDI2NDQzMzhk\nZGVhZDYy\n','2011-08-16 10:26:24'),('1576312de8503337fa27791848d294bb','gAJ9cQEuOTQ0ZmRkNzRjZjQzNzZhMjA0MTllMzk3ZTFiZTRkNWI=\n','2011-07-01 11:02:11'),('faac900ac49fef3e623f0e593aad427f','gAJ9cQEuOTQ0ZmRkNzRjZjQzNzZhMjA0MTllMzk3ZTFiZTRkNWI=\n','2011-08-01 17:44:12'),('a65f153b098097c218d4df1b31f8ee83','gAJ9cQFVCnRlc3Rjb29raWVxAlUGd29ya2VkcQNzLjI0YzRkYTM2YjdlOGJjMDNiMDI2NDQzMzhk\nZGVhZDYy\n','2011-08-12 17:48:37'),('41ceb5b376bdcade4ce95a3680a41a13','gAJ9cQFVCnRlc3Rjb29raWVxAlUGd29ya2VkcQNzLjI0YzRkYTM2YjdlOGJjMDNiMDI2NDQzMzhk\nZGVhZDYy\n','2011-08-16 12:21:43'),('cdf191d705ff4999cad5d0a94b941767','gAJ9cQFVCnRlc3Rjb29raWVxAlUGd29ya2VkcQNzLjI0YzRkYTM2YjdlOGJjMDNiMDI2NDQzMzhk\nZGVhZDYy\n','2011-08-17 11:04:45'),('899ab91ed74fe00846338e8f2d74fb05','gAJ9cQFVCnRlc3Rjb29raWVxAlUGd29ya2VkcQNzLjI0YzRkYTM2YjdlOGJjMDNiMDI2NDQzMzhk\nZGVhZDYy\n','2011-08-24 18:37:55'),('663cf491773ff14cd868652b42f81238','gAJ9cQEoVRJfYXV0aF91c2VyX2JhY2tlbmRxAlUpZGphbmdvLmNvbnRyaWIuYXV0aC5iYWNrZW5k\ncy5Nb2RlbEJhY2tlbmRxA1UNX2F1dGhfdXNlcl9pZHEEigEBdS41OThkYzdlMTI3MTk2NzUwNTIy\nOTY3NzczYjdhY2JjNg==\n','2011-08-24 12:12:14'),('3214f386daff7731f2e8bc0b425f89be','gAJ9cQFVCnRlc3Rjb29raWVxAlUGd29ya2VkcQNzLjI0YzRkYTM2YjdlOGJjMDNiMDI2NDQzMzhk\nZGVhZDYy\n','2011-08-25 14:31:43'),('038a6ccf3ff73020abf71e7ecc06b8ba','gAJ9cQEoVRJfYXV0aF91c2VyX2JhY2tlbmRxAlUpZGphbmdvLmNvbnRyaWIuYXV0aC5iYWNrZW5k\ncy5Nb2RlbEJhY2tlbmRxA1UNX2F1dGhfdXNlcl9pZHEEigEBdS41OThkYzdlMTI3MTk2NzUwNTIy\nOTY3NzczYjdhY2JjNg==\n','2011-08-24 18:44:24'),('13d4f4d2e5afc8561edce820a21837a6','gAJ9cQFVCnRlc3Rjb29raWVxAlUGd29ya2VkcQNzLjI0YzRkYTM2YjdlOGJjMDNiMDI2NDQzMzhk\nZGVhZDYy\n','2011-09-29 15:30:44'),('f0dcff66b1e19aaa6229cb380172a39c','gAJ9cQEuOTQ0ZmRkNzRjZjQzNzZhMjA0MTllMzk3ZTFiZTRkNWI=\n','2011-08-30 16:14:08'),('f144e28247267615592d900a2d91550a','gAJ9cQFVCnRlc3Rjb29raWVxAlUGd29ya2VkcQNzLjI0YzRkYTM2YjdlOGJjMDNiMDI2NDQzMzhk\nZGVhZDYy\n','2011-08-30 17:12:40'),('fc4bee74755add14bcbd213891081640','gAJ9cQEoVRJfYXV0aF91c2VyX2JhY2tlbmRxAlUpZGphbmdvLmNvbnRyaWIuYXV0aC5iYWNrZW5k\ncy5Nb2RlbEJhY2tlbmRxA1UNX2F1dGhfdXNlcl9pZHEEigEBdS41OThkYzdlMTI3MTk2NzUwNTIy\nOTY3NzczYjdhY2JjNg==\n','2011-09-06 15:26:36'),('bfa7355390c3e3d43fda31ddfd68474b','gAJ9cQEuOTQ0ZmRkNzRjZjQzNzZhMjA0MTllMzk3ZTFiZTRkNWI=\n','2011-09-13 15:35:17'),('a00ee35f5e0e7a73e62604235674b1ef','gAJ9cQEuOTQ0ZmRkNzRjZjQzNzZhMjA0MTllMzk3ZTFiZTRkNWI=\n','2011-09-29 11:40:59'),('861960b630a30460b256b9200238ee53','gAJ9cQEoVRJfYXV0aF91c2VyX2JhY2tlbmRxAlUpZGphbmdvLmNvbnRyaWIuYXV0aC5iYWNrZW5k\ncy5Nb2RlbEJhY2tlbmRxA1UNX2F1dGhfdXNlcl9pZHEEigEBdS41OThkYzdlMTI3MTk2NzUwNTIy\nOTY3NzczYjdhY2JjNg==\n','2011-10-06 14:40:01'),('2c9a13bf952cc45c4927198c70457cbe','gAJ9cQEuOTQ0ZmRkNzRjZjQzNzZhMjA0MTllMzk3ZTFiZTRkNWI=\n','2011-09-29 17:37:51'),('1b789ecc1915a0952dee8e7da19039eb','gAJ9cQEuOTQ0ZmRkNzRjZjQzNzZhMjA0MTllMzk3ZTFiZTRkNWI=\n','2011-09-30 10:55:08'),('83e46c8471ee7052355eafaf5d23eff6','gAJ9cQEuOTQ0ZmRkNzRjZjQzNzZhMjA0MTllMzk3ZTFiZTRkNWI=\n','2011-09-30 12:04:21'),('1fb1c6498ea6bd92281b2c2b1123c533','gAJ9cQFVCnRlc3Rjb29raWVxAlUGd29ya2VkcQNzLjI0YzRkYTM2YjdlOGJjMDNiMDI2NDQzMzhk\nZGVhZDYy\n','2011-11-03 15:03:39'),('7e28358318654216b8895775a0c64c05','gAJ9cQEoVRJfYXV0aF91c2VyX2JhY2tlbmRxAlUpZGphbmdvLmNvbnRyaWIuYXV0aC5iYWNrZW5k\ncy5Nb2RlbEJhY2tlbmRxA1UNX2F1dGhfdXNlcl9pZHEEigEBdS41OThkYzdlMTI3MTk2NzUwNTIy\nOTY3NzczYjdhY2JjNg==\n','2011-10-18 12:31:27'),('ff177875dcccd65515e351a568bd9aaa','gAJ9cQEoVRJfYXV0aF91c2VyX2JhY2tlbmRxAlUpZGphbmdvLmNvbnRyaWIuYXV0aC5iYWNrZW5k\ncy5Nb2RlbEJhY2tlbmRxA1UNX2F1dGhfdXNlcl9pZHEEigEBdS41OThkYzdlMTI3MTk2NzUwNTIy\nOTY3NzczYjdhY2JjNg==\n','2011-10-24 12:55:10'),('e18ba20ae31ab9a8bdf5109dfdce96e2','gAJ9cQEoVRJfYXV0aF91c2VyX2JhY2tlbmRxAlUpZGphbmdvLmNvbnRyaWIuYXV0aC5iYWNrZW5k\ncy5Nb2RlbEJhY2tlbmRxA1UNX2F1dGhfdXNlcl9pZHEEigEBdS41OThkYzdlMTI3MTk2NzUwNTIy\nOTY3NzczYjdhY2JjNg==\n','2011-10-24 13:06:08'),('d502164a07877d4063717db07cfe21f6','gAJ9cQEuOTQ0ZmRkNzRjZjQzNzZhMjA0MTllMzk3ZTFiZTRkNWI=\n','2011-10-25 12:35:10'),('76963007447f69cd2fa9079ef0359a72','gAJ9cQEuOTQ0ZmRkNzRjZjQzNzZhMjA0MTllMzk3ZTFiZTRkNWI=\n','2011-11-02 14:24:18'),('938411399f68ae407e64b91e577c7903','gAJ9cQEoVRJfYXV0aF91c2VyX2JhY2tlbmRxAlUpZGphbmdvLmNvbnRyaWIuYXV0aC5iYWNrZW5k\ncy5Nb2RlbEJhY2tlbmRxA1UNX2F1dGhfdXNlcl9pZHEEigEBdS41OThkYzdlMTI3MTk2NzUwNTIy\nOTY3NzczYjdhY2JjNg==\n','2011-11-03 14:57:42'),('bb508631aabaac3b508df439719d2305','gAJ9cQFVCnRlc3Rjb29raWVxAlUGd29ya2VkcQNzLjI0YzRkYTM2YjdlOGJjMDNiMDI2NDQzMzhk\nZGVhZDYy\n','2012-01-17 18:33:20'),('316a763a1dda7ef2a808be2679d76bca','gAJ9cQEoVRJfYXV0aF91c2VyX2JhY2tlbmRxAlUpZGphbmdvLmNvbnRyaWIuYXV0aC5iYWNrZW5k\ncy5Nb2RlbEJhY2tlbmRxA1UNX2F1dGhfdXNlcl9pZHEEigEBdS41OThkYzdlMTI3MTk2NzUwNTIy\nOTY3NzczYjdhY2JjNg==\n','2011-11-03 15:05:05'),('d3918b64359d33dad461e69809794370','gAJ9cQEoVRJfYXV0aF91c2VyX2JhY2tlbmRxAlUpZGphbmdvLmNvbnRyaWIuYXV0aC5iYWNrZW5k\ncy5Nb2RlbEJhY2tlbmRxA1UNX2F1dGhfdXNlcl9pZHEEigEBdS41OThkYzdlMTI3MTk2NzUwNTIy\nOTY3NzczYjdhY2JjNg==\n','2011-11-17 20:21:22'),('a7066e89148c0d0c93e6f8f1b7672a09','gAJ9cQEoVRJfYXV0aF91c2VyX2JhY2tlbmRxAlUpZGphbmdvLmNvbnRyaWIuYXV0aC5iYWNrZW5k\ncy5Nb2RlbEJhY2tlbmRxA1UNX2F1dGhfdXNlcl9pZHEEigEBdS41OThkYzdlMTI3MTk2NzUwNTIy\nOTY3NzczYjdhY2JjNg==\n','2011-11-28 15:30:34'),('334b8850c90fa9fc9dd87205f5aed53d','gAJ9cQEoVRJfYXV0aF91c2VyX2JhY2tlbmRxAlUpZGphbmdvLmNvbnRyaWIuYXV0aC5iYWNrZW5k\ncy5Nb2RlbEJhY2tlbmRxA1UNX2F1dGhfdXNlcl9pZHEEigEBdS41OThkYzdlMTI3MTk2NzUwNTIy\nOTY3NzczYjdhY2JjNg==\n','2011-12-01 16:48:14'),('948bb8c2c93d7949f74d5bf089c4c3bb','gAJ9cQEoVRJfYXV0aF91c2VyX2JhY2tlbmRxAlUpZGphbmdvLmNvbnRyaWIuYXV0aC5iYWNrZW5k\ncy5Nb2RlbEJhY2tlbmRxA1UNX2F1dGhfdXNlcl9pZHEEigEBdS41OThkYzdlMTI3MTk2NzUwNTIy\nOTY3NzczYjdhY2JjNg==\n','2011-12-05 17:59:05'),('34c8eabca6665b497a16b6e446960518','gAJ9cQEoVRJfYXV0aF91c2VyX2JhY2tlbmRxAlUpZGphbmdvLmNvbnRyaWIuYXV0aC5iYWNrZW5k\ncy5Nb2RlbEJhY2tlbmRxA1UNX2F1dGhfdXNlcl9pZHEEigEBdS41OThkYzdlMTI3MTk2NzUwNTIy\nOTY3NzczYjdhY2JjNg==\n','2011-12-08 19:19:50'),('908c999a7df04fb2c7759be98d632861','gAJ9cQEoVRJfYXV0aF91c2VyX2JhY2tlbmRxAlUpZGphbmdvLmNvbnRyaWIuYXV0aC5iYWNrZW5k\ncy5Nb2RlbEJhY2tlbmRxA1UNX2F1dGhfdXNlcl9pZHEEigEBdS41OThkYzdlMTI3MTk2NzUwNTIy\nOTY3NzczYjdhY2JjNg==\n','2011-12-13 16:40:47'),('3b5d7000dbc1fdebd32cea316fc46f77','gAJ9cQEoVRJfYXV0aF91c2VyX2JhY2tlbmRxAlUpZGphbmdvLmNvbnRyaWIuYXV0aC5iYWNrZW5k\ncy5Nb2RlbEJhY2tlbmRxA1UNX2F1dGhfdXNlcl9pZHEEigEBdS41OThkYzdlMTI3MTk2NzUwNTIy\nOTY3NzczYjdhY2JjNg==\n','2011-12-21 15:21:40'),('5104308a9ad4ab84625f13f84f2c5351','gAJ9cQEoVRJfYXV0aF91c2VyX2JhY2tlbmRxAlUpZGphbmdvLmNvbnRyaWIuYXV0aC5iYWNrZW5k\ncy5Nb2RlbEJhY2tlbmRxA1UNX2F1dGhfdXNlcl9pZHEEigEBdS41OThkYzdlMTI3MTk2NzUwNTIy\nOTY3NzczYjdhY2JjNg==\n','2011-12-22 18:08:07'),('bcc7378408235931eca9ca8b35cb9904','gAJ9cQEoVRJfYXV0aF91c2VyX2JhY2tlbmRxAlUpZGphbmdvLmNvbnRyaWIuYXV0aC5iYWNrZW5k\ncy5Nb2RlbEJhY2tlbmRxA1UNX2F1dGhfdXNlcl9pZHEEigEBdS41OThkYzdlMTI3MTk2NzUwNTIy\nOTY3NzczYjdhY2JjNg==\n','2011-12-28 20:52:45'),('751ef0739ad0a2a7289a132362be37fe','gAJ9cQEoVRJfYXV0aF91c2VyX2JhY2tlbmRxAlUpZGphbmdvLmNvbnRyaWIuYXV0aC5iYWNrZW5k\ncy5Nb2RlbEJhY2tlbmRxA1UNX2F1dGhfdXNlcl9pZHEEigEBdS41OThkYzdlMTI3MTk2NzUwNTIy\nOTY3NzczYjdhY2JjNg==\n','2012-01-02 17:33:33'),('68a7aada2f7f154681a055db6a6a035c','gAJ9cQEoVRJfYXV0aF91c2VyX2JhY2tlbmRxAlUpZGphbmdvLmNvbnRyaWIuYXV0aC5iYWNrZW5k\ncy5Nb2RlbEJhY2tlbmRxA1UNX2F1dGhfdXNlcl9pZHEEigEBdS41OThkYzdlMTI3MTk2NzUwNTIy\nOTY3NzczYjdhY2JjNg==\n','2012-01-04 12:11:02'),('a838729015f9033ee087254a4c2b2145','gAJ9cQEoVRJfYXV0aF91c2VyX2JhY2tlbmRxAlUpZGphbmdvLmNvbnRyaWIuYXV0aC5iYWNrZW5k\ncy5Nb2RlbEJhY2tlbmRxA1UNX2F1dGhfdXNlcl9pZHEEigEBdS41OThkYzdlMTI3MTk2NzUwNTIy\nOTY3NzczYjdhY2JjNg==\n','2012-01-10 18:15:28'),('2744963a0fad66c832983ef868d0c1a2','gAJ9cQEoVRJfYXV0aF91c2VyX2JhY2tlbmRxAlUpZGphbmdvLmNvbnRyaWIuYXV0aC5iYWNrZW5k\ncy5Nb2RlbEJhY2tlbmRxA1UNX2F1dGhfdXNlcl9pZHEEigEBdS41OThkYzdlMTI3MTk2NzUwNTIy\nOTY3NzczYjdhY2JjNg==\n','2012-01-13 10:54:42'),('aac8c9ceef6d36a29734e37f255e194a','gAJ9cQFVCnRlc3Rjb29raWVxAlUGd29ya2VkcQNzLjI0YzRkYTM2YjdlOGJjMDNiMDI2NDQzMzhk\nZGVhZDYy\n','2012-01-18 10:58:49'),('dcb645d7b00c87d645b27599adb41353','gAJ9cQFVCnRlc3Rjb29raWVxAlUGd29ya2VkcQNzLjI0YzRkYTM2YjdlOGJjMDNiMDI2NDQzMzhk\nZGVhZDYy\n','2012-02-22 12:30:58'),('47b496147a50f74ff6efc9b7a54d54da','gAJ9cQEoVRJfYXV0aF91c2VyX2JhY2tlbmRxAlUpZGphbmdvLmNvbnRyaWIuYXV0aC5iYWNrZW5k\ncy5Nb2RlbEJhY2tlbmRxA1UNX2F1dGhfdXNlcl9pZHEEigEBdS41OThkYzdlMTI3MTk2NzUwNTIy\nOTY3NzczYjdhY2JjNg==\n','2012-01-30 10:57:33'),('dfe2569f1e31a2a8d601acb499446a78','gAJ9cQEoVRJfYXV0aF91c2VyX2JhY2tlbmRxAlUpZGphbmdvLmNvbnRyaWIuYXV0aC5iYWNrZW5k\ncy5Nb2RlbEJhY2tlbmRxA1UNX2F1dGhfdXNlcl9pZHEEigEBdS41OThkYzdlMTI3MTk2NzUwNTIy\nOTY3NzczYjdhY2JjNg==\n','2012-01-31 18:20:54'),('7d0ca0b9995c839455de666c566473c6','gAJ9cQEoVRJfYXV0aF91c2VyX2JhY2tlbmRxAlUpZGphbmdvLmNvbnRyaWIuYXV0aC5iYWNrZW5k\ncy5Nb2RlbEJhY2tlbmRxA1UNX2F1dGhfdXNlcl9pZHEEigEBdS41OThkYzdlMTI3MTk2NzUwNTIy\nOTY3NzczYjdhY2JjNg==\n','2012-02-02 14:40:37'),('df9b6ba96b7cf8a0df316097afb84a93','gAJ9cQEoVRJfYXV0aF91c2VyX2JhY2tlbmRxAlUpZGphbmdvLmNvbnRyaWIuYXV0aC5iYWNrZW5k\ncy5Nb2RlbEJhY2tlbmRxA1UNX2F1dGhfdXNlcl9pZHEEigEBdS41OThkYzdlMTI3MTk2NzUwNTIy\nOTY3NzczYjdhY2JjNg==\n','2012-02-15 10:18:01'),('0f106a9d7fef85e7278eb42cf1a8ab33','gAJ9cQEoVRJfYXV0aF91c2VyX2JhY2tlbmRxAlUpZGphbmdvLmNvbnRyaWIuYXV0aC5iYWNrZW5k\ncy5Nb2RlbEJhY2tlbmRxA1UNX2F1dGhfdXNlcl9pZHEEigEBdS41OThkYzdlMTI3MTk2NzUwNTIy\nOTY3NzczYjdhY2JjNg==\n','2012-02-15 19:00:54'),('5438438d6acaa5c53e4e0beda6ac8e10','gAJ9cQEoVRJfYXV0aF91c2VyX2JhY2tlbmRxAlUpZGphbmdvLmNvbnRyaWIuYXV0aC5iYWNrZW5k\ncy5Nb2RlbEJhY2tlbmRxA1UNX2F1dGhfdXNlcl9pZHEEigEBdS41OThkYzdlMTI3MTk2NzUwNTIy\nOTY3NzczYjdhY2JjNg==\n','2012-02-15 19:01:54'),('40caf0466b7ddc904ac8f5c60e4c561e','gAJ9cQEoVRJfYXV0aF91c2VyX2JhY2tlbmRxAlUpZGphbmdvLmNvbnRyaWIuYXV0aC5iYWNrZW5k\ncy5Nb2RlbEJhY2tlbmRxA1UNX2F1dGhfdXNlcl9pZHEEigEBdS41OThkYzdlMTI3MTk2NzUwNTIy\nOTY3NzczYjdhY2JjNg==\n','2012-02-16 12:09:42'),('966e43104e9120d18791ca0caf7044cc','gAJ9cQEuOTQ0ZmRkNzRjZjQzNzZhMjA0MTllMzk3ZTFiZTRkNWI=\n','2012-02-21 16:57:56'),('5613fd4842e6f01152adcfcd0f2a4497','gAJ9cQFVCnRlc3Rjb29raWVxAlUGd29ya2VkcQNzLjI0YzRkYTM2YjdlOGJjMDNiMDI2NDQzMzhk\nZGVhZDYy\n','2012-02-22 11:04:22'),('b98beebeb1cf74737a2f03e2258c83d7','gAJ9cQFVCnRlc3Rjb29raWVxAlUGd29ya2VkcQNzLjI0YzRkYTM2YjdlOGJjMDNiMDI2NDQzMzhk\nZGVhZDYy\n','2012-02-22 18:15:14'),('cf47b30b36951563e921fc8623308960','gAJ9cQFVCnRlc3Rjb29raWVxAlUGd29ya2VkcQNzLjI0YzRkYTM2YjdlOGJjMDNiMDI2NDQzMzhk\nZGVhZDYy\n','2012-02-22 12:57:15'),('55ff40474b7e5c214c569d0357b18155','gAJ9cQFVCnRlc3Rjb29raWVxAlUGd29ya2VkcQNzLjI0YzRkYTM2YjdlOGJjMDNiMDI2NDQzMzhk\nZGVhZDYy\n','2012-02-23 16:39:32'),('ee1328ef811f522f4b98c86cb4e80243','gAJ9cQFVCnRlc3Rjb29raWVxAlUGd29ya2VkcQNzLjI0YzRkYTM2YjdlOGJjMDNiMDI2NDQzMzhk\nZGVhZDYy\n','2012-03-01 11:30:27'),('eea820c745a619c1396667baf9348938','gAJ9cQEoVRJfYXV0aF91c2VyX2JhY2tlbmRxAlUpZGphbmdvLmNvbnRyaWIuYXV0aC5iYWNrZW5k\ncy5Nb2RlbEJhY2tlbmRxA1UNX2F1dGhfdXNlcl9pZHEEigEBdS41OThkYzdlMTI3MTk2NzUwNTIy\nOTY3NzczYjdhY2JjNg==\n','2012-02-23 16:50:19'),('e30e5b48b10098110a89dd65b251b058','gAJ9cQFVCnRlc3Rjb29raWVxAlUGd29ya2VkcQNzLjI0YzRkYTM2YjdlOGJjMDNiMDI2NDQzMzhk\nZGVhZDYy\n','2012-03-07 12:23:50'),('9d3f1d4a443b326e30ffb0e79d04d589','gAJ9cQEoVRJfYXV0aF91c2VyX2JhY2tlbmRxAlUpZGphbmdvLmNvbnRyaWIuYXV0aC5iYWNrZW5k\ncy5Nb2RlbEJhY2tlbmRxA1UNX2F1dGhfdXNlcl9pZHEEigEBdS41OThkYzdlMTI3MTk2NzUwNTIy\nOTY3NzczYjdhY2JjNg==\n','2012-03-06 14:45:07'),('5ee786e4add3b2ddcb27c090afd5ea4e','gAJ9cQFVCnRlc3Rjb29raWVxAlUGd29ya2VkcQNzLjI0YzRkYTM2YjdlOGJjMDNiMDI2NDQzMzhk\nZGVhZDYy\n','2012-03-14 18:02:23'),('3e2cd002f72a27885f78ba131a4bfccf','gAJ9cQFVCnRlc3Rjb29raWVxAlUGd29ya2VkcQNzLjI0YzRkYTM2YjdlOGJjMDNiMDI2NDQzMzhk\nZGVhZDYy\n','2012-04-12 05:10:49'),('2fe9ebe7ba53b8e097d28a8add1e4e60','gAJ9cQFVCnRlc3Rjb29raWVxAlUGd29ya2VkcQNzLjI0YzRkYTM2YjdlOGJjMDNiMDI2NDQzMzhk\nZGVhZDYy\n','2012-04-23 23:53:03'),('510cad87a0aa6801a48249cddf27a70d','gAJ9cQEoVRJfYXV0aF91c2VyX2JhY2tlbmRxAlUpZGphbmdvLmNvbnRyaWIuYXV0aC5iYWNrZW5k\ncy5Nb2RlbEJhY2tlbmRxA1UNX2F1dGhfdXNlcl9pZHEEigEBdS41OThkYzdlMTI3MTk2NzUwNTIy\nOTY3NzczYjdhY2JjNg==\n','2012-04-12 04:46:45'),('8541ee98189e1119772dde5494ea447f','gAJ9cQEoVRJfYXV0aF91c2VyX2JhY2tlbmRxAlUpZGphbmdvLmNvbnRyaWIuYXV0aC5iYWNrZW5k\ncy5Nb2RlbEJhY2tlbmRxA1UNX2F1dGhfdXNlcl9pZHEEigEBdS41OThkYzdlMTI3MTk2NzUwNTIy\nOTY3NzczYjdhY2JjNg==\n','2012-04-19 00:18:47'),('1ce51b9c35b34dae1e181ea7fe8e9f23','gAJ9cQEoVRJfYXV0aF91c2VyX2JhY2tlbmRxAlUpZGphbmdvLmNvbnRyaWIuYXV0aC5iYWNrZW5k\ncy5Nb2RlbEJhY2tlbmRxA1UNX2F1dGhfdXNlcl9pZHEEigEBdS41OThkYzdlMTI3MTk2NzUwNTIy\nOTY3NzczYjdhY2JjNg==\n','2012-04-19 08:28:30'),('af78017cd0bc8fc2f969848f789cdad8','gAJ9cQFVCnRlc3Rjb29raWVxAlUGd29ya2VkcQNzLjI0YzRkYTM2YjdlOGJjMDNiMDI2NDQzMzhk\nZGVhZDYy\n','2012-04-23 23:53:18'),('2fdccbc7031bc8540d729a263d96b603','gAJ9cQFVCnRlc3Rjb29raWVxAlUGd29ya2VkcQNzLjI0YzRkYTM2YjdlOGJjMDNiMDI2NDQzMzhk\nZGVhZDYy\n','2012-04-24 00:03:09'),('2cfc509447c035529b2fc408d0b6055b','gAJ9cQEoVRJfYXV0aF91c2VyX2JhY2tlbmRxAlUpZGphbmdvLmNvbnRyaWIuYXV0aC5iYWNrZW5k\ncy5Nb2RlbEJhY2tlbmRxA1UNX2F1dGhfdXNlcl9pZHEEigEBdS41OThkYzdlMTI3MTk2NzUwNTIy\nOTY3NzczYjdhY2JjNg==\n','2012-04-23 23:56:37'),('f68d7173f09d251dec6ac919ea1d369f','gAJ9cQEoVRJfYXV0aF91c2VyX2JhY2tlbmRxAlUpZGphbmdvLmNvbnRyaWIuYXV0aC5iYWNrZW5k\ncy5Nb2RlbEJhY2tlbmRxA1UNX2F1dGhfdXNlcl9pZHEEigEBdS41OThkYzdlMTI3MTk2NzUwNTIy\nOTY3NzczYjdhY2JjNg==\n','2012-04-23 23:57:26'),('1d7f4ac1ff2814a795a9463c1be663e8','gAJ9cQEoVRJfYXV0aF91c2VyX2JhY2tlbmRxAlUpZGphbmdvLmNvbnRyaWIuYXV0aC5iYWNrZW5k\ncy5Nb2RlbEJhY2tlbmRxA1UNX2F1dGhfdXNlcl9pZHEEigEBdS41OThkYzdlMTI3MTk2NzUwNTIy\nOTY3NzczYjdhY2JjNg==\n','2012-05-01 05:49:04'),('904536bf48461813323d9423a85a0094','gAJ9cQEoVRJfYXV0aF91c2VyX2JhY2tlbmRxAlUpZGphbmdvLmNvbnRyaWIuYXV0aC5iYWNrZW5k\ncy5Nb2RlbEJhY2tlbmRxA1UNX2F1dGhfdXNlcl9pZHEEigEBdS41OThkYzdlMTI3MTk2NzUwNTIy\nOTY3NzczYjdhY2JjNg==\n','2012-04-24 04:55:30'),('450f4ca23092fd41b4f5a35da7154d69','gAJ9cQEoVRJfYXV0aF91c2VyX2JhY2tlbmRxAlUpZGphbmdvLmNvbnRyaWIuYXV0aC5iYWNrZW5k\ncy5Nb2RlbEJhY2tlbmRxA1UNX2F1dGhfdXNlcl9pZHEEigEBdS41OThkYzdlMTI3MTk2NzUwNTIy\nOTY3NzczYjdhY2JjNg==\n','2012-05-01 00:44:10'),('ebaac57846d0473a63614ba2404aa435','gAJ9cQEuOTQ0ZmRkNzRjZjQzNzZhMjA0MTllMzk3ZTFiZTRkNWI=\n','2012-05-01 00:51:28'),('7696229f03c20fbc61dbabf86f01d098','gAJ9cQFVCnRlc3Rjb29raWVxAlUGd29ya2VkcQNzLjI0YzRkYTM2YjdlOGJjMDNiMDI2NDQzMzhk\nZGVhZDYy\n','2012-06-06 00:09:59'),('e05c37ac10bfeb688258087d8bd100e6','gAJ9cQEoVRJfYXV0aF91c2VyX2JhY2tlbmRxAlUpZGphbmdvLmNvbnRyaWIuYXV0aC5iYWNrZW5k\ncy5Nb2RlbEJhY2tlbmRxA1UNX2F1dGhfdXNlcl9pZHEEigEBdS41OThkYzdlMTI3MTk2NzUwNTIy\nOTY3NzczYjdhY2JjNg==\n','2012-05-03 01:20:59'),('d46c1ef3624b63246b0f1fe32875afca','gAJ9cQEoVRJfYXV0aF91c2VyX2JhY2tlbmRxAlUpZGphbmdvLmNvbnRyaWIuYXV0aC5iYWNrZW5k\ncy5Nb2RlbEJhY2tlbmRxA1UNX2F1dGhfdXNlcl9pZHEEigEBdS41OThkYzdlMTI3MTk2NzUwNTIy\nOTY3NzczYjdhY2JjNg==\n','2012-05-11 01:55:15'),('4878141d522f32aa86b1b40c38d1ea36','gAJ9cQEoVRJfYXV0aF91c2VyX2JhY2tlbmRxAlUpZGphbmdvLmNvbnRyaWIuYXV0aC5iYWNrZW5k\ncy5Nb2RlbEJhY2tlbmRxA1UNX2F1dGhfdXNlcl9pZHEEigEBdS41OThkYzdlMTI3MTk2NzUwNTIy\nOTY3NzczYjdhY2JjNg==\n','2012-05-17 05:09:47'),('8a07b8e8440e6e99a063400c8cc8365c','gAJ9cQEoVRJfYXV0aF91c2VyX2JhY2tlbmRxAlUpZGphbmdvLmNvbnRyaWIuYXV0aC5iYWNrZW5k\ncy5Nb2RlbEJhY2tlbmRxA1UNX2F1dGhfdXNlcl9pZHEEigEBdS41OThkYzdlMTI3MTk2NzUwNTIy\nOTY3NzczYjdhY2JjNg==\n','2012-05-21 02:23:20'),('a784c366b0920459eb961e241d90a2ad','gAJ9cQEoVRJfYXV0aF91c2VyX2JhY2tlbmRxAlUpZGphbmdvLmNvbnRyaWIuYXV0aC5iYWNrZW5k\ncy5Nb2RlbEJhY2tlbmRxA1UNX2F1dGhfdXNlcl9pZHEEigEBdS41OThkYzdlMTI3MTk2NzUwNTIy\nOTY3NzczYjdhY2JjNg==\n','2012-05-21 05:15:07'),('e9f458770e8e59539421f4e1988022a1','gAJ9cQEoVRJfYXV0aF91c2VyX2JhY2tlbmRxAlUpZGphbmdvLmNvbnRyaWIuYXV0aC5iYWNrZW5k\ncy5Nb2RlbEJhY2tlbmRxA1UNX2F1dGhfdXNlcl9pZHEEigEBdS41OThkYzdlMTI3MTk2NzUwNTIy\nOTY3NzczYjdhY2JjNg==\n','2012-05-21 06:02:45'),('ebfdf70a4d347fede13a8256cec61b6b','gAJ9cQEoVRJfYXV0aF91c2VyX2JhY2tlbmRxAlUpZGphbmdvLmNvbnRyaWIuYXV0aC5iYWNrZW5k\ncy5Nb2RlbEJhY2tlbmRxA1UNX2F1dGhfdXNlcl9pZHEEigEBdS41OThkYzdlMTI3MTk2NzUwNTIy\nOTY3NzczYjdhY2JjNg==\n','2012-06-04 06:09:51'),('75bd08cc2a4a944aee7bcc50f4fb89fd','gAJ9cQFVCnRlc3Rjb29raWVxAlUGd29ya2VkcQNzLjI0YzRkYTM2YjdlOGJjMDNiMDI2NDQzMzhk\nZGVhZDYy\n','2012-07-03 03:46:57'),('00ae29d244944096891b5f191684fa9c','gAJ9cQEoVRJfYXV0aF91c2VyX2JhY2tlbmRxAlUpZGphbmdvLmNvbnRyaWIuYXV0aC5iYWNrZW5k\ncy5Nb2RlbEJhY2tlbmRxA1UNX2F1dGhfdXNlcl9pZHEEigEBdS41OThkYzdlMTI3MTk2NzUwNTIy\nOTY3NzczYjdhY2JjNg==\n','2012-06-08 07:17:08'),('fd03167aee934d501b2bf5ce10f501c8','gAJ9cQEoVRJfYXV0aF91c2VyX2JhY2tlbmRxAlUpZGphbmdvLmNvbnRyaWIuYXV0aC5iYWNrZW5k\ncy5Nb2RlbEJhY2tlbmRxA1UNX2F1dGhfdXNlcl9pZHEEigEBdS41OThkYzdlMTI3MTk2NzUwNTIy\nOTY3NzczYjdhY2JjNg==\n','2012-06-10 23:35:32'),('0d022c10184e31d69a65d540fa8de4ac','gAJ9cQEoVRJfYXV0aF91c2VyX2JhY2tlbmRxAlUpZGphbmdvLmNvbnRyaWIuYXV0aC5iYWNrZW5k\ncy5Nb2RlbEJhY2tlbmRxA1UNX2F1dGhfdXNlcl9pZHEEigEBdS41OThkYzdlMTI3MTk2NzUwNTIy\nOTY3NzczYjdhY2JjNg==\n','2012-06-21 23:25:35'),('aab74c32c7f72fd34002d326df4efd8e','gAJ9cQEoVRJfYXV0aF91c2VyX2JhY2tlbmRxAlUpZGphbmdvLmNvbnRyaWIuYXV0aC5iYWNrZW5k\ncy5Nb2RlbEJhY2tlbmRxA1UNX2F1dGhfdXNlcl9pZHEEigEBdS41OThkYzdlMTI3MTk2NzUwNTIy\nOTY3NzczYjdhY2JjNg==\n','2012-06-28 07:57:20'),('c1d5639cd02fde32367d49ab2ce9201e','gAJ9cQEoVRJfYXV0aF91c2VyX2JhY2tlbmRxAlUpZGphbmdvLmNvbnRyaWIuYXV0aC5iYWNrZW5k\ncy5Nb2RlbEJhY2tlbmRxA1UNX2F1dGhfdXNlcl9pZHEEigEBdS41OThkYzdlMTI3MTk2NzUwNTIy\nOTY3NzczYjdhY2JjNg==\n','2012-07-02 04:43:12'),('8723501ef2da72b8fefd90879aa44d09','gAJ9cQEoVRJfYXV0aF91c2VyX2JhY2tlbmRxAlUpZGphbmdvLmNvbnRyaWIuYXV0aC5iYWNrZW5k\ncy5Nb2RlbEJhY2tlbmRxA1UNX2F1dGhfdXNlcl9pZHEEigEBdS41OThkYzdlMTI3MTk2NzUwNTIy\nOTY3NzczYjdhY2JjNg==\n','2012-07-16 07:43:58'),('a93f28637b0d2459db9b9720cb6e6738','gAJ9cQEoVRJfYXV0aF91c2VyX2JhY2tlbmRxAlUpZGphbmdvLmNvbnRyaWIuYXV0aC5iYWNrZW5k\ncy5Nb2RlbEJhY2tlbmRxA1UNX2F1dGhfdXNlcl9pZHEEigEBdS41OThkYzdlMTI3MTk2NzUwNTIy\nOTY3NzczYjdhY2JjNg==\n','2012-07-04 00:29:02'),('c50fb7cb468b80c50323bb11257f128c','gAJ9cQEuOTQ0ZmRkNzRjZjQzNzZhMjA0MTllMzk3ZTFiZTRkNWI=\n','2012-07-04 01:02:14'),('3fd55aa147ac6290275abcff7ff0d131','gAJ9cQFVCnRlc3Rjb29raWVxAlUGd29ya2VkcQNzLjI0YzRkYTM2YjdlOGJjMDNiMDI2NDQzMzhk\nZGVhZDYy\n','2012-07-17 04:48:46'),('39d01a2dfd51008443eedb6484ebd852','gAJ9cQEoVRJfYXV0aF91c2VyX2JhY2tlbmRxAlUpZGphbmdvLmNvbnRyaWIuYXV0aC5iYWNrZW5k\ncy5Nb2RlbEJhY2tlbmRxA1UNX2F1dGhfdXNlcl9pZHEEigEBdS41OThkYzdlMTI3MTk2NzUwNTIy\nOTY3NzczYjdhY2JjNg==\n','2012-07-23 01:53:47'),('0c480bd682791710fe1083cd41816d5c','gAJ9cQFVCnRlc3Rjb29raWVxAlUGd29ya2VkcQNzLjI0YzRkYTM2YjdlOGJjMDNiMDI2NDQzMzhk\nZGVhZDYy\n','2012-07-17 05:05:03'),('743d72865aab7989693bea2c93bfb533','gAJ9cQFVCnRlc3Rjb29raWVxAlUGd29ya2VkcQNzLjI0YzRkYTM2YjdlOGJjMDNiMDI2NDQzMzhk\nZGVhZDYy\n','2012-07-17 05:59:18'),('a3e75ce85f5ddc5c9008661473b8ca02','gAJ9cQEoVRJfYXV0aF91c2VyX2JhY2tlbmRxAlUpZGphbmdvLmNvbnRyaWIuYXV0aC5iYWNrZW5k\ncy5Nb2RlbEJhY2tlbmRxA1UNX2F1dGhfdXNlcl9pZHEEigEBdS41OThkYzdlMTI3MTk2NzUwNTIy\nOTY3NzczYjdhY2JjNg==\n','2012-07-18 06:37:36'),('e04712a29a9777a47d7162f8c0dc0353','gAJ9cQEuOTQ0ZmRkNzRjZjQzNzZhMjA0MTllMzk3ZTFiZTRkNWI=\n','2012-07-18 08:15:40'),('f8ae6332e285249330bf8216337ffc7f','gAJ9cQEuOTQ0ZmRkNzRjZjQzNzZhMjA0MTllMzk3ZTFiZTRkNWI=\n','2012-07-19 08:06:24'),('c89b252a0af9b2eecf044ed43e0a1ac4','gAJ9cQEuOTQ0ZmRkNzRjZjQzNzZhMjA0MTllMzk3ZTFiZTRkNWI=\n','2012-07-20 09:04:02'),('db03935c5b866a87dd62a20900a125ed','gAJ9cQFVCnRlc3Rjb29raWVxAlUGd29ya2VkcQNzLjI0YzRkYTM2YjdlOGJjMDNiMDI2NDQzMzhk\nZGVhZDYy\n','2012-07-23 02:27:13'),('87944c13e4bae58d48ecf1fea52881b2','gAJ9cQFVCnRlc3Rjb29raWVxAlUGd29ya2VkcQNzLjI0YzRkYTM2YjdlOGJjMDNiMDI2NDQzMzhk\nZGVhZDYy\n','2012-07-24 09:46:08');
/*!40000 ALTER TABLE `django_session` ENABLE KEYS */;
UNLOCK TABLES;

--
-- Table structure for table `django_site`
--

DROP TABLE IF EXISTS `django_site`;
/*!40101 SET @saved_cs_client     = @@character_set_client */;
/*!40101 SET character_set_client = utf8 */;
CREATE TABLE `django_site` (
  `id` int(11) NOT NULL AUTO_INCREMENT,
  `domain` varchar(100) NOT NULL,
  `name` varchar(50) NOT NULL,
  PRIMARY KEY (`id`)
) ENGINE=MyISAM AUTO_INCREMENT=2 DEFAULT CHARSET=latin1;
/*!40101 SET character_set_client = @saved_cs_client */;

--
-- Dumping data for table `django_site`
--

LOCK TABLES `django_site` WRITE;
/*!40000 ALTER TABLE `django_site` DISABLE KEYS */;
INSERT INTO `django_site` VALUES (1,'example.com','example.com');
/*!40000 ALTER TABLE `django_site` ENABLE KEYS */;
UNLOCK TABLES;

--
-- Table structure for table `lookup_businessnature`
--

DROP TABLE IF EXISTS `lookup_businessnature`;
/*!40101 SET @saved_cs_client     = @@character_set_client */;
/*!40101 SET character_set_client = utf8 */;
CREATE TABLE `lookup_businessnature` (
  `id` int(11) NOT NULL AUTO_INCREMENT,
  `name` varchar(250) NOT NULL,
  `description` longtext NOT NULL,
  PRIMARY KEY (`id`)
) ENGINE=MyISAM AUTO_INCREMENT=20 DEFAULT CHARSET=latin1;
/*!40101 SET character_set_client = @saved_cs_client */;

--
-- Dumping data for table `lookup_businessnature`
--

LOCK TABLES `lookup_businessnature` WRITE;
/*!40000 ALTER TABLE `lookup_businessnature` DISABLE KEYS */;
INSERT INTO `lookup_businessnature` VALUES (1,'Others',''),(2,'Travels',''),(3,'Bank',''),(4,'Telephone','Telephone Instrument'),(5,'Travel',''),(6,'Hotels',''),(7,'Refreshment',''),(8,'Printing ','ID Card Printing'),(9,'Trade Mark',''),(10,'Hospital',''),(11,'Bank',''),(12,'Consultancy',''),(13,'Call Taxi',''),(14,'Forex ',''),(15,'House Keeping',''),(16,'Office Suppliers',''),(17,'Credit Card',''),(18,'Trust',''),(19,'Internet','');
/*!40000 ALTER TABLE `lookup_businessnature` ENABLE KEYS */;
UNLOCK TABLES;

--
-- Table structure for table `lookup_designation`
--

DROP TABLE IF EXISTS `lookup_designation`;
/*!40101 SET @saved_cs_client     = @@character_set_client */;
/*!40101 SET character_set_client = utf8 */;
CREATE TABLE `lookup_designation` (
  `id` int(11) NOT NULL AUTO_INCREMENT,
  `name` varchar(250) NOT NULL,
  `description` longtext NOT NULL,
  PRIMARY KEY (`id`)
) ENGINE=MyISAM AUTO_INCREMENT=4 DEFAULT CHARSET=latin1;
/*!40101 SET character_set_client = @saved_cs_client */;

--
-- Dumping data for table `lookup_designation`
--

LOCK TABLES `lookup_designation` WRITE;
/*!40000 ALTER TABLE `lookup_designation` DISABLE KEYS */;
INSERT INTO `lookup_designation` VALUES (1,'Others',''),(2,'Travels','Car Rentals - Airport'),(3,'Strategy & Marketing ISV & Developer Relations','Strategy & Marketing\r\nISV & Developer Relations\r\n');
/*!40000 ALTER TABLE `lookup_designation` ENABLE KEYS */;
UNLOCK TABLES;

--
-- Table structure for table `usstate`
--

DROP TABLE IF EXISTS `usstate`;
/*!40101 SET @saved_cs_client     = @@character_set_client */;
/*!40101 SET character_set_client = utf8 */;
CREATE TABLE `usstate` (
  `id` int(11) NOT NULL AUTO_INCREMENT,
  `name` varchar(50) NOT NULL,
  `abbrev` varchar(2) NOT NULL,
  PRIMARY KEY (`id`)
) ENGINE=MyISAM AUTO_INCREMENT=66 DEFAULT CHARSET=latin1;
/*!40101 SET character_set_client = @saved_cs_client */;

--
-- Dumping data for table `usstate`
--

LOCK TABLES `usstate` WRITE;
/*!40000 ALTER TABLE `usstate` DISABLE KEYS */;
INSERT INTO `usstate` VALUES (1,'Alabama','AL'),(2,'Alaska','AK'),(3,'American Samoa','AS'),(4,'Arizona','AZ'),(5,'Arkansas','AR'),(6,'California','CA'),(7,'Colorado','CO'),(8,'Connecticut','CT'),(9,'Delaware','DE'),(10,'District of Columbia','DC'),(11,'Federated States of Micronesia','FM'),(12,'Florida','FL'),(13,'Georgia','GA'),(14,'Guam','GU'),(15,'Hawaii','HI'),(16,'Idaho','ID'),(17,'Illinois','IL'),(18,'Indiana','IN'),(19,'Iowa','IA'),(20,'Kansas','KS'),(21,'Kentucky','KY'),(22,'Louisiana','LA'),(23,'Maine','ME'),(24,'Marshall Islands','MH'),(25,'Maryland','MD'),(26,'Massachusetts','MA'),(27,'Michigan','MI'),(28,'Minnesota','MN'),(29,'Mississippi','MS'),(30,'Missouri','MO'),(31,'Montana','MT'),(32,'Nebraska','NE'),(33,'Nevada','NV'),(34,'New Hampshire','NH'),(35,'New Jersey','NJ'),(36,'New Mexico','NM'),(37,'New York','NY'),(38,'North Carolina','NC'),(39,'North Dakota','ND'),(40,'Northern Mariana Islands','MP'),(41,'Ohio','OH'),(42,'Oklahoma','OK'),(43,'Oregon','OR'),(44,'Palau','PW'),(45,'Pennsylvania','PA'),(46,'Puerto Rico','PR'),(47,'Rhode Island','RI'),(48,'South Carolina','SC'),(49,'South Dakota','SD'),(50,'Tennessee','TN'),(51,'Texas','TX'),(52,'Utah','UT'),(53,'Vermont','VT'),(54,'Virgin Islands','VI'),(55,'Virginia','VA'),(56,'Washington','WA'),(57,'West Virginia','WV'),(58,'Wisconsin','WI'),(59,'Wyoming','WY'),(60,'Armed Forces Africa','AE'),(61,'Armed Forces Americas (except Canada)','AA'),(62,'Armed Forces Canada','AE'),(63,'Armed Forces Europe','AE'),(64,'Armed Forces Middle East','AE'),(65,'Armed Forces Pacific','AP');
/*!40000 ALTER TABLE `usstate` ENABLE KEYS */;
UNLOCK TABLES;
/*!40103 SET TIME_ZONE=@OLD_TIME_ZONE */;

/*!40101 SET SQL_MODE=@OLD_SQL_MODE */;
/*!40014 SET FOREIGN_KEY_CHECKS=@OLD_FOREIGN_KEY_CHECKS */;
/*!40014 SET UNIQUE_CHECKS=@OLD_UNIQUE_CHECKS */;
/*!40101 SET CHARACTER_SET_CLIENT=@OLD_CHARACTER_SET_CLIENT */;
/*!40101 SET CHARACTER_SET_RESULTS=@OLD_CHARACTER_SET_RESULTS */;
/*!40101 SET COLLATION_CONNECTION=@OLD_COLLATION_CONNECTION */;
/*!40111 SET SQL_NOTES=@OLD_SQL_NOTES */;

-- Dump completed on 2012-07-11 17:33:33
